ID товара;Название препарата;Рецептурность препарата;Производитель;Активное вещество;Цена;Старая цена;Ссылка на картинку;Ссылка на товар;Название региона
71fb6055-42c7-4fe9-9b1d-806b6422220a;Тирзетта Раствор для подкожного введения 5 мг 0,5 мл 4 шт;Да;Биохимик;Тирзепатид;9189.00;10210.00;https://gorzdrav.org/api/v1/multimedia/media/downloadFile/3AFsu5UBAi6hE-Zkizeq-1000x1000;https://gorzdrav.org/spb/p/tirzetta-rr-p-k-vved-5-mg-0-5-ml-4-664657/;Россия
2ae4b4b8-ed55-4d1e-a03a-48908a2ce365;Тирзетта Раствор для подкожного введения 2,5 мг 0,5 мл 4 шт;Да;Биохимик;Тирзепатид;5545.00;7545.00;https://gorzdrav.org/api/v1/multimedia/media/downloadFile/zjxsu5UBAi6hE-ZkNBOt-1000x1000;https://gorzdrav.org/spb/p/tirzetta-rr-p-k-vved-2-5-mg-0-5-ml-4-664656/;Россия
69c37f3e-baa7-4ca8-94a3-f5d627a83298;Набор из двух упаковок Семавик Раствор 0,25мг/0,5мг/1мг/доза 3мл+Игла одноразовая 9 шт;Да;;;10500.00;11500.00;https://gorzdrav.org/api/v1/multimedia/media/downloadFile/dIvB4pkBjIJXAzWhPcqe-1000x1000;https://gorzdrav.org/spb/p/bundle_semavik-rr-p-k-vved-0-25-0-5-1mg-doza-3ml-n1-shpricruchka-igla-odnoraz-n9-668719-2/;
3753ff27-b02f-4562-a5ce-2b57377bd7db;Набор из трех упаковок Семавик Раствор для подкожного введения 1,34 мг/мл шприц-ручка 3 мл 1 шт + иглы 9 шт;Да;;;15250.00;17250.00;https://gorzdrav.org/api/v1/multimedia/media/downloadFile/kC4uLpwBO1hvZDjOtSGi-1000x1000;https://gorzdrav.org/spb/p/bundle_semavik-rr-p-k-vved-0-25-0-5-1mg-doza-3ml-n1-shpricruchka-igla-odnoraz-n9-668719-3/;
58df0381-eefc-40a6-8331-e368a0218ea7;Семавик Раствор для подкожного введения 1,34 мг/мл шприц-ручка 3 мл 1 шт + иглы 9 шт;Да;Герофарм;Семаглутид;5750.00;;https://gorzdrav.org/api/v1/multimedia/media/downloadFile/RGxtuJkBu6LHc-yH4DbT-1191x1191;https://gorzdrav.org/spb/p/semavik-rr-p-k-vved-0-25-0-5-1mg-doza-3ml-n1-shpricruchka-igla-odnoraz-n9-668719/;Россия
c40dd94f-c91e-467e-bd06-6b1a497fe4f7;Тирзетта Раствор для подкожного введения 7,5 мг 0,5 мл 4 шт;Да;Биохимик;Тирзепатид;11468.70;12743.00;https://gorzdrav.org/api/v1/multimedia/media/downloadFile/jNNtu5UBAi6hE-ZkBiAF-1000x1000;https://gorzdrav.org/spb/p/tirzetta-rr-p-k-vved-7-5-mg-0-5-ml-4-664658/;Россия
d203ad0a-e0d5-4f0e-9c2a-e985db0b4150;Форсига Таблетки покрытые пленочной оболочкой 10 мг 30 шт;Да;AstraZeneca;Дапаглифлозин;2550.60;2834.00;https://gorzdrav.org/api/v1/multimedia/media/downloadFile/Ra8PoZcB2BGN4fsdOB5a-2000x2000;https://gorzdrav.org/spb/p/forsiga-tabl-10mg-n30-49574/;Россия
15794c60-d1de-46da-bf65-13173441fb01;Седжаро Раствор для подкожного введения 5 мг/доза шприц-ручка 2,4 мл 1 шт + игла 4 шт;Да;Герофарм;Тирзепатид;7502.00;8752.00;https://gorzdrav.org/api/v1/multimedia/media/downloadFile/S7YHYZgBEl21vw0WAZqU-1191x1191;https://gorzdrav.org/spb/p/sedzharo-rr-dlja-p-k-vved-5-mg-doza-shpricruchka-2-4-ml-1-igla-4-666581/;Россия
f5a976be-feef-4600-844a-eca21dbe5f71;Набор из двух упаковок Семавик Некст раствор 1 мг шприц-ручка 3 мл 1 шт + игла одноразовая 4 шт.;Да;;;8892.00;9892.00;https://gorzdrav.org/api/v1/multimedia/media/downloadFile/4Leo4pkBBFTqaCxSL1ae-1000x1000;https://gorzdrav.org/spb/p/bundle_semavik-nekst-0-001-doza-3ml-n1-shpricruchka-rr-p-k-igla-odnoraz-n4-667602-2/;
4558b076-f764-4366-a4e9-46e43ad75426;Набор из трех упаковок Семавик Некст Раствор для подкожного введения 1 мг/доза шприц-ручка 3 мл 1 шт + иглы 4 шт;Да;;;13338.00;14838.00;https://gorzdrav.org/api/v1/multimedia/media/downloadFile/NRMWLpwBOkTyP3bfGdsx-1000x1000;https://gorzdrav.org/spb/p/bundle_semavik-nekst-0-001-doza-3ml-n1-shpricruchka-rr-p-k-igla-odnoraz-n4-667602-3/;
2edf8b29-c6af-43d6-ad97-d4a966ca2afd;Семавик Некст Раствор для подкожного введения 1 мг/доза шприц-ручка 3 мл 1 шт + иглы 4 шт;Да;Герофарм;Семаглутид;4946.00;;https://gorzdrav.org/api/v1/multimedia/media/downloadFile/bInxCZgBH0J-GJRPlx0L-2000x2000;https://gorzdrav.org/spb/p/semavik-nekst-0-001-doza-3ml-n1-shpricruchka-rr-p-k-igla-odnoraz-n4-667602/;Россия
4604c09b-2f51-48ed-a16f-329e647979f6;Тирзетта Раствор для подкожного введения 10 мг 0,5 мл 4 шт;Да;Биохимик;Тирзепатид;13699.80;15222.00;https://gorzdrav.org/api/v1/multimedia/media/downloadFile/9o9ru5UBRnED4k9i91Th-1000x1000;https://gorzdrav.org/spb/p/tirzetta-rr-p-k-vved-10-mg-0-5-ml-4-664659/;Россия
97c38577-3a8c-40e9-a29f-f1252ea6ecc7;Седжаро Раствор для подкожного введения 2,5 мг/доза шприц-ручка 2,4 мл 1 шт + игла 4 шт;Да;Герофарм;Тирзепатид;5427.00;6677.00;https://gorzdrav.org/api/v1/multimedia/media/downloadFile/Mq4GYZgBJwpR6z9ZlKqV-1191x1191;https://gorzdrav.org/spb/p/sedzharo-rr-dlja-p-k-vved-2-5-mg-doza-shpricruchka-2-4-ml-1-igla-4-666576/;Россия
6e7b3fac-4dc3-4ab0-be99-261ef6150a81;Набор из двух упаковок Седжаро Раствор 7,5 мг шприц-ручка 2,4 мл 1 шт + игла 4 шт;Да;;;20752.00;22752.00;https://gorzdrav.org/api/v1/multimedia/media/downloadFile/FWDB4pkBBFTqaCxS7TMp-1000x1000;https://gorzdrav.org/spb/p/bundle_sedzharo-rr-dlja-p-k-vved-7-5-mg-doza-shpricruchka-2-4-ml-1-igla-4-666776-2/;
54fd1753-6ff4-4572-98f7-badf7ff87345;Набор из трех упаковок Седжаро Раствор для подкожного введения 7,5 мг/доза шприц-ручка 2,4 мл 1 шт + игла 4 шт;Да;;;30128.00;34128.00;https://gorzdrav.org/api/v1/multimedia/media/downloadFile/cPkLLpwBO1hvZDjO27Dy-1000x1000;https://gorzdrav.org/spb/p/bundle_sedzharo-rr-dlja-p-k-vved-7-5-mg-doza-shpricruchka-2-4-ml-1-igla-4-666776-3/;
671a137c-4ff7-4f7c-8d79-2c00d4453c14;Седжаро Раствор для подкожного введения 7,5 мг/доза шприц-ручка 2,4 мл 1 шт + игла 4 шт;Да;Герофарм;Тирзепатид;10238.40;11376.00;https://gorzdrav.org/api/v1/multimedia/media/downloadFile/kmgGYZgBJwpR6z9ZCsSP-5417x3792;https://gorzdrav.org/spb/p/sedzharo-rr-dlja-p-k-vved-7-5-mg-doza-shpricruchka-2-4-ml-1-igla-4-666776/;Россия
aa535de8-a14b-4080-8819-a24b4871b359;Набор из двух упаковок Седжаро Раствор для подкожного введения 10 мг/доза + игла 4 шт;Да;;;25412.00;27412.00;https://gorzdrav.org/api/v1/multimedia/media/downloadFile/jfYPLpwBOkTyP3bftoev-1000x1000;https://gorzdrav.org/spb/p/bundle_sedzharo-0-01-doza-shpricruchka-rr-p-k-igla-n4-667071-2/;
76de22c2-966f-4eb8-a3c4-2a55538dc6d6;Набор из трех упаковок Седжаро Раствор для подкожного введения 10 мг/доза + игла 4 шт;Да;;;37118.00;41118.00;https://gorzdrav.org/api/v1/multimedia/media/downloadFile/hJkPLpwBO1hvZDjOQa95-1000x1000;https://gorzdrav.org/spb/p/bundle_sedzharo-0-01-doza-shpricruchka-rr-p-k-igla-n4-667071-3/;
654d2c5b-f169-4da3-ab6b-0f077199d8f3;Седжаро Раствор для подкожного введения 10 мг/доза + игла 4 шт;Да;Герофарм;Тирзепатид;12335.40;13706.00;https://gorzdrav.org/api/v1/multimedia/media/downloadFile/jtIEYZgBJwpR6z9Z6oSy-5417x3792;https://gorzdrav.org/spb/p/sedzharo-0-01-doza-shpricruchka-rr-p-k-igla-n4-667071/;Россия
96c2b483-c6e6-4fa1-8d1f-a56d591657c7;Джардинс Таблетки покрытые пленочной оболочкой 25 мг 30 шт;Да;Берингер;Эмпаглифлозин;2913.30;3237.00;https://gorzdrav.org/api/v1/multimedia/media/downloadFile/gWxCtpUBybk0vr4zxQxQ-340x530;https://gorzdrav.org/spb/p/dzhardins-tabl-p-pl-ob-25mg-n30-60978/;Германия
85b486ef-b413-4244-89fd-90b5f5e16077;Тирзетта Раствор для подкожного введения 12,5 мг 0,5 мл 4 шт;Да;Биохимик;Тирзепатид;15999.30;17777.00;https://gorzdrav.org/api/v1/multimedia/media/downloadFile/Eoxsu5UBRnED4k9iMHUg-1000x1000;https://gorzdrav.org/spb/p/tirzetta-rr-p-k-vved-12-5-mg-0-5-ml-4-664660/;Россия
ffb3e83f-e68a-4748-9ba3-ac5177cdf647;Тирзетта Раствор для подкожного введения 15 мг 0,5 мл 4 шт;Да;Биохимик;Тирзепатид;18299.70;20333.00;https://gorzdrav.org/api/v1/multimedia/media/downloadFile/v9Bsu5UB5yfJBvc3tmSW-1000x1000;https://gorzdrav.org/spb/p/tirzetta-rr-p-k-vved-15-mg-0-5-ml-4-664661/;Россия
cc790554-1712-4c71-9a28-be744bebca55;Семавик Некст Раствор для подкожного введения 0,25 мг/доза шприц-ручка 3 мл 1 шт + иглы 4 шт;Да;Герофарм;Семаглутид;2751.00;3451.00;https://gorzdrav.org/api/v1/multimedia/media/downloadFile/fDPwCZgBH0J-GJRPu128-1191x1191;https://gorzdrav.org/spb/p/semavik-nekst-0-00025-doza-3ml-n1-shpricruchka-rr-p-k-igla-odnoraz-n4-667590/;Россия
4ea42fc5-53ca-4436-aff6-de8cec849ae8;Набор из двух упаковок Седжаро Раствор для подкожного введения 12,5 мг/доза шприц-ручка + игла 4 шт;Да;;;28304.00;31304.00;https://gorzdrav.org/api/v1/multimedia/media/downloadFile/v9IOLpwB-jufNU_rGPF7-1000x1000;https://gorzdrav.org/spb/p/bundle_sedzharo-0-0125-doza-shpricruchka-rr-p-k-igla-n4-667694-2/;
b3d2ad0d-d0ce-4a1a-a0e1-e663df6337f9;Набор из трех упаковок Седжаро Раствор для подкожного введения 12,5 мг/доза шприц-ручка + игла 4 шт;Да;;;41956.00;46956.00;https://gorzdrav.org/api/v1/multimedia/media/downloadFile/ucgNLpwBOkTyP3bfU26v-1000x1000;https://gorzdrav.org/spb/p/bundle_sedzharo-0-0125-doza-shpricruchka-rr-p-k-igla-n4-667694-3/;
360aa128-4b2b-4cde-8c94-05618ae77946;Седжаро Раствор для подкожного введения 12,5 мг/доза шприц-ручка + игла 4 шт;Да;Герофарм;Тирзепатид;14086.80;15652.00;https://gorzdrav.org/api/v1/multimedia/media/downloadFile/krSCCZkBSj3lfnbrTXfj-5417x3792;https://gorzdrav.org/spb/p/sedzharo-0-0125-doza-shpricruchka-rr-p-k-igla-n4-667694/;Россия
91ec1901-e5f5-4231-a52f-6ac4181d353e;Глюкофаж Лонг 1 г Таблетки пролонгированного действия 60 шт;Да;Нанолек;Метформин;653.40;726.00;https://gorzdrav.org/api/v1/multimedia/media/downloadFile/VqN5t5UB4hniyrJC5MZ7-1200x1200;https://gorzdrav.org/spb/p/gljukofazh-long-tab-prolong-dja-1000mg60-68197/;Россия
3971f91f-4d22-458b-bb77-3c153b64adc0;Форсига Таблетки покрытые пленочной оболочкой 10 мг 90 шт;Да;AstraZeneca;Дапаглифлозин;7489.80;8322.00;https://gorzdrav.org/api/v1/multimedia/media/downloadFile/CwASoZcB2BGN4fsdM4Wd-2000x2000;https://gorzdrav.org/spb/p/-forsiga-0-01-n90-tabl-p-plen-oboloch-626185/;Россия
a0de23c8-a11c-4797-93fb-815383a72dce;НовоРапид ФлексПен Раствор для подкожного и внутривенного введения в шприц-ручках 100 ЕД/мл 3 мл 5 шт;Да;Ново Нордиск;Инсулин аспарт;1948.50;2165.00;https://gorzdrav.org/api/v1/multimedia/media/downloadFile/SPLztZUB4hniyrJCi14E-715x1069;https://gorzdrav.org/spb/p/novorapid-flekspen-rr-d-in-100ed-ml-3ml-n5-42922/;Дания
9ccc507c-6b76-4f5c-83d7-78f3a4ec1cdd;Набор из двух упаковок Галвус Таблетки 50 мг 28 шт;Да;;;1470.00;1670.00;https://gorzdrav.org/api/v1/multimedia/media/downloadFile/zZ0XgZkBzNe2qSeaJTpR-1080x1080;https://gorzdrav.org/spb/p/bundle_galvus-tab-50mg-28-31619_11000154/;
bfa6af70-4854-4ff0-9bfb-c053433e0445;Галвус Таблетки 50 мг 28 шт;Да;Новартис Фарма;Вилдаглиптин;835.00;;https://gorzdrav.org/api/v1/multimedia/media/downloadFile/A7CFtZUBrbRC1cy5h0-J-1500x1500;https://gorzdrav.org/spb/p/galvus-tabl-50mg-n28-31619/;Россия
e513d8d3-e03c-4b86-b00e-11bbed769fc0;Семавик Некст Раствор для подкожного введения 0,5 мг/доза шприц-ручка 3 мл 1 шт + иглы 4 шт;Да;Герофарм;Семаглутид;5065.00;5765.00;https://gorzdrav.org/api/v1/multimedia/media/downloadFile/JaDxCZgBDFOSMvLTJSxl-1191x1191;https://gorzdrav.org/spb/p/semavik-nekst-0-0005-doza-3ml-n1-shpricruchka-rr-p-k-igla-odnoraz-n4-667604/;Россия
a36a9f19-a791-48f1-a552-a664ad8f1bf6;Диабетон МВ Таблетки 60 мг 30 шт;Да;СЕРВЬЕ РУС;Гликлазид;286.00;;https://gorzdrav.org/api/v1/multimedia/media/downloadFile/4abatZUB4hniyrJChGW9-1500x1500;https://gorzdrav.org/spb/p/diabeton-mv-tabl-60mg-n30-40683/;Россия
89cf51ad-2493-4e0f-a298-b0c505c73c72;Набор из двух упаковок Галвус Мет Таблетки 50 мг + 1000 мг 30 шт;Да;;;2688.00;3488.00;https://gorzdrav.org/api/v1/multimedia/media/downloadFile/PnCNb5sB-jufNU_rO81J-1000x1000;https://gorzdrav.org/spb/p/bundle_galvus-met-tabl-p-o-50mg-1000mg-n30-41471-2/;
c610d263-f46f-4ecd-bf89-b2cfb41ed2a3;Галвус Мет Таблетки покрытые пленочной оболочкой 50 мг + 1000 мг 30 шт;Да;Новартис Фарма;Вилдаглиптин+Метформин;1744.00;;https://gorzdrav.org/api/v1/multimedia/media/downloadFile/EJzktZUBybk0vr4zItPF-1500x1500;https://gorzdrav.org/spb/p/galvus-met-tabl-p-o-50mg-1000mg-n30-41471/;Россия
fa3d723e-e9fa-42a8-9251-253b17603039;Сиофор Таблетки покрытые оболочкой 1000 мг 60 шт;Да;Berlin-Chemie;Метформин;208.00;;https://gorzdrav.org/api/v1/multimedia/media/downloadFile/7o1ltZUBrbRC1cy50vck-1500x1500;https://gorzdrav.org/spb/p/siofor-tabl-p-o-1000mg-n60-24477/;Россия
aea3e721-5b9e-4e0f-a177-ea0f7f4d479a;Лантус СолоСтар Раствор для подкожного введения 100 ЕД/мл картриджи в Шприц-ручках 3 мл 5 шт;Да;Санофи;Инсулин гларгин;3609.00;;https://gorzdrav.org/api/v1/multimedia/media/downloadFile/dmD-tZUBybk0vr4zC_jN-1500x1500;https://gorzdrav.org/spb/p/lantus-solo-star-rr-d-in-p-k-vved-100me-ml-3ml-kartridzh-n5-shpricruchka-43829/;Россия
8ac1ed10-80cd-4481-914c-b6ecad63cd22;Берлитион 600 Концентрат для приготовления раствора для инфузий 25 мг/мл ампулы 24 мл 5 шт;Да;Berlin-Chemie;Тиоктовая кислота;1013.40;1126.00;https://gorzdrav.org/api/v1/multimedia/media/downloadFile/zw3ftZUB4hniyrJCZh23-1500x1500;https://gorzdrav.org/spb/p/berlition-rr-d-in-600ed-25mg-ml-24ml-n5-40837/;Германия
051c0a3c-0876-4c37-9224-df723abb8e39;Глюкофаж Лонг 750 мг Таблетки пролонгированного действия 60 шт;Да;Нанолек;Метформин;521.00;;https://gorzdrav.org/api/v1/multimedia/media/downloadFile/5ns9uJUBybk0vr4zCKFX-1500x1500;https://gorzdrav.org/spb/p/gljukofazh-long-tab-prolong-dja-750mg60-13775/;Россия
7aa102df-89df-4cd2-8abe-0dfe638e87da;Туджео СолоСтар Раствор для подкожного введения 300 ЕД/мл 1,5 мл картриджи в Шприц-ручках СолоСтар 3 шт;Да;Санофи;Инсулин гларгин;3136.00;;https://gorzdrav.org/api/v1/multimedia/media/downloadFile/Z5Tht5UB_o6zmeq9DIaP-660x418;https://gorzdrav.org/spb/p/tudzheo-solostar-rr-d-i-300ed-ml-1-5ml-n3-192497/;Россия
aafc270a-ae97-447a-9419-a5c08dc0d78c;Туджео СолоСтар Раствор для подкожного введения 300 ЕД/мл 1,5 мл 5 шт;Да;Санофи;Инсулин гларгин;5217.00;;https://gorzdrav.org/api/v1/multimedia/media/downloadFile/uK9BupUBRjkwyzW3lYFc-717x646;https://gorzdrav.org/spb/p/tudzheo-solostar-rr-d-i-300ed-ml-1-5ml-n5-584638/;Россия
77e30297-19a3-4f77-98f0-e794aa2ac3c0;Глюкофаж Лонг 500 мг Таблетки пролонгированного действия 60 шт;Да;Нанолек;Метформин;369.00;;https://gorzdrav.org/api/v1/multimedia/media/downloadFile/kbGxtZUBrbRC1cy58ylI-1500x1500;https://gorzdrav.org/spb/p/gljukofazh-long-tabl-p-o-500mg-n60-36687/;Россия
99b05523-f284-4f1a-bce4-98b8a953c5c1;Тражента Таблетки покрытые пленочной оболочкой 5 мг 30 шт;Да;Берингер;Линаглиптин;1924.20;2138.00;https://gorzdrav.org/api/v1/multimedia/media/downloadFile/FH6VtpUBrbRC1cy5KjV0-573x709;https://gorzdrav.org/spb/p/trazhenta-tabl-p-pl-ob-5mg-n30-40084/;Соединенные Штаты Америки
075b4b6d-d82f-4c20-86bb-599165810bb6;Левемир Флекспен Раствор для подкожного введения 100 ед/мл 3 мл 5 шт;Да;Ново Нордиск;Инсулин детемир;2992.00;;https://gorzdrav.org/api/v1/multimedia/media/downloadFile/xEh5tZUB4hniyrJCdUWc-1500x1500;https://gorzdrav.org/spb/p/levemir-flekspen-rr-d-podk-vvedenija-100ed-ml-3ml-n5-29296/;Россия
338efd91-4492-4da1-9391-144a9cc1bb9d;Джардинс Таблетки покрытые пленочной оболочкой 10 мг 30 шт;Да;Берингер;Эмпаглифлозин;3129.30;3477.00;https://gorzdrav.org/api/v1/multimedia/media/downloadFile/8lVDtpUBybk0vr4ze4Fl-1500x1500;https://gorzdrav.org/spb/p/dzhardins-tabl-p-o-10mg-n30-61274/;Германия
e4e346ce-f2dc-4632-9156-696cd8ac1291;Випидия Таблетки покрытые пленочной оболочкой 25 мг 28 шт;Да;Hemofarm;Алоглиптин;1552.00;;https://gorzdrav.org/api/v1/multimedia/media/downloadFile/TV4atpUBrbRC1cy5DtZO-1500x1500;https://gorzdrav.org/spb/p/vipidija-tabl-p-o-25mg-n28-52635/;Россия
f76d5a9c-a6eb-4355-a68b-3f7b635a5a35;Дибикор Таблетки 500 мг 60 шт;Нет;ПИК-Фарма;Таурин;643.00;;https://gorzdrav.org/api/v1/multimedia/media/downloadFile/iCtJfZgBHhsKBsZejZO2-1000x1000;https://gorzdrav.org/spb/p/dibikor-tabl-500mg-n60-51605/;Россия
487ad4ce-61d8-497c-81d1-1e0aea3066ef;Энлигрия Раствор для подкожного введения 6 мг/мл шприц-ручка 3 мл 3 шт;Да;Промомед;Лираглутид;19301.00;;https://gorzdrav.org/api/v1/multimedia/media/downloadFile/f46LupUBarzHQIadBeQl-1588x1448;https://gorzdrav.org/spb/p/enligrija-6mg-ml-3ml-n3-shpricruchka-rr-p-k-642226/;Россия
a28052df-c74c-4f26-bd5a-a73f27681eb2;Вилдаглиптин-СЗ Таблетки 50 мг 30 шт;Да;Северная Звезда;Вилдаглиптин;463.00;;https://gorzdrav.org/api/v1/multimedia/media/downloadFile/PhgUu5UB5yfJBvc3kDM3-1024x1024;https://gorzdrav.org/spb/p/vildagliptin-tabl-50mg-n30-651454/;Россия
4f01e35a-f6d8-43af-8d3c-7402eb11ee66;Тиогамма раствор для инфузий 12 мг/мл 50 мл 10 шт;Да;Solupharm;Тиоктовая кислота;2056.00;;https://gorzdrav.org/api/v1/multimedia/media/downloadFile/4it1U5oBy6WW8PWFgNJV-800x800;https://gorzdrav.org/spb/p/tiogamma-rr-d-inf-12mg-ml-50ml-fl-10-23676/;Германия
aa2d7b00-8bfa-496b-83cb-a14e0efa82c8;Тиогамма Таблетки покрытые пленочной оболочкой 600 мг 30 шт;Да;Вёрваг;Тиоктовая кислота;1004.00;;https://gorzdrav.org/api/v1/multimedia/media/downloadFile/RZ0vtZUBrbRC1cy5Gidm-765x700;https://gorzdrav.org/spb/p/tiogamma-tabl-p-o-600mg-n30-10189/;Германия
544d4e25-95f3-472e-bbac-2e81dd1d6e23;Сиофор Таблетки 850 мг 60 шт;Да;Berlin-Chemie;Метформин;172.00;;https://gorzdrav.org/api/v1/multimedia/media/downloadFile/bwaPuJUBybk0vr4z3waA-800x800;https://gorzdrav.org/spb/p/siofor-tab-p-o-850mg-60-9386/;Россия
86333cb4-c5fa-45a2-bd05-7014cc865e08;Сиофор таблетки 500 мг 60 шт;Да;Berlin-Chemie;Метформин;126.00;;https://gorzdrav.org/api/v1/multimedia/media/downloadFile/pJU-uJUBybk0vr4zHMyc-922x800;https://gorzdrav.org/spb/p/siofor-tab-p-o-500mg-60-9385/;Россия
a3979905-5c55-4de0-9b32-3294aa03f9f0;Суглат Таблетки покрытые пленочной оболочкой 50 мг 30 шт;Да;Астеллас;Ипраглифлозин;2491.00;;https://gorzdrav.org/api/v1/multimedia/media/downloadFile/QKvguJUBybk0vr4zznlK-2281x1345;https://gorzdrav.org/spb/p/suglat-tabl-p-pl-ob-50mg-30-206005/;Япония
5efd87e9-34a9-4842-b4b0-bebb3df4272e;Сигдуо Лонг® Таблетки с модифицированным высвобождением покрытые пленочной оболочкой 5 мг+1000 мг 60 шт;Да;AstraZeneca;Дапаглифлозин+Метформин;3408.00;;https://gorzdrav.org/api/v1/multimedia/media/downloadFile/T2wRoZcBH0J-GJRPPHh_-2000x2000;https://gorzdrav.org/spb/p/sigduo-long-tabl-p-o-s-modif-vysvob-5mg-1000mg-60-204111/;Соединенные Штаты Америки
c8a27b50-f35f-4623-89b8-66bc223a29fe;Метформин-Озон Таблетки 1000 мг 60 шт;Да;Озон;Метформин;186.00;;https://gorzdrav.org/api/v1/multimedia/media/downloadFile/GcSsuZUB7vQMbYfxQqwX-700x499;https://gorzdrav.org/spb/p/metforminozon-tabl-1000mg-n60-331808/;Россия
81bcd59d-7da2-4022-8466-278e40853400;Октолипен Таблетки 600 мг 30 шт;Да;Фармстандарт;Тиоктовая кислота;807.00;;https://gorzdrav.org/api/v1/multimedia/media/downloadFile/AufitZUBybk0vr4zTRv0-600x600;https://gorzdrav.org/spb/p/oktolipen-tabl-p-pl-ob-600mg-n30-41375/;Россия
de6df43a-6829-4d4c-b179-7f082f320820;Глюкофаж Лонг Таблетки с пролонгированным высвобождением 1000 мг 120 шт;Да;МЕРК;Метформин;1429.00;;https://gorzdrav.org/api/v1/multimedia/media/downloadFile/OMYe-pcBH0J-GJRP7nz5-1000x1000;https://gorzdrav.org/spb/p/gljukofazh-long-tabl-p-o-1000mg-n120-666603/;Россия
17f04edc-018c-4d18-b6ce-7aeb4c46b6a2;Метформин Лонг-Озон Таблетки с пролонгированным высвобождением 1000 мг 60 шт;Да;Озон;Метформин;620.00;;https://gorzdrav.org/api/v1/multimedia/media/downloadFile/RPdCuZUBVT-7ZLtg0omz-700x499;https://gorzdrav.org/spb/p/metformin-long-tabl-p-v-1000mg-60-210452/;Россия
2e862f08-f53a-445b-aabc-533c0af149a3;Энлигрия Раствор для подкожного введения 6 мг/мл шприц-ручка 3 мл 5 шт;Да;Промомед;Лираглутид;28417.00;;https://gorzdrav.org/api/v1/multimedia/media/downloadFile/qA6qupUBRjkwyzW39uB--1000x615;https://gorzdrav.org/spb/p/enligrija-0-006-ml-3ml-n5-shpricruchka-rr-p-k-646958/;Россия
0cba4d5f-67fb-4f39-93f0-215d96afd48b;Сигдуо Лонг® Таблетки с модифицированным высвобождением покрытые пленочной оболочкой 10 мг+1000 мг 30 шт;Да;AstraZeneca;Дапаглифлозин+Метформин;3408.00;;https://gorzdrav.org/api/v1/multimedia/media/downloadFile/J_URoZcB2BGN4fsdOQ2Y-2000x2000;https://gorzdrav.org/spb/p/sigduo-long-tabl-p-o-s-modif-vysvob-10mg-1000mg-30-204112/;Соединенные Штаты Америки
91517d3d-0fb2-435a-98e0-2a4fef8ebdd1;Синджарди Таблетки покрытые пленочной оболочкой 1000 мг + 12,5 мг 60 шт;Да;Берингер;Метформин+Эмпаглифлозин;5306.00;;https://gorzdrav.org/api/v1/multimedia/media/downloadFile/7xtXupUBu1bHOSl1rPOa-800x800;https://gorzdrav.org/spb/p/sindzhardi-tab-p-p-o-1000mg-12-5mg-60-593359/;Греция
08b92305-bce7-42ca-bcd6-af92d7a4d328;Актрапид HM Раствор для инъекций 100 ме/мл 10 мл;Да;Ново Нордиск;Инсулин растворимый [человеческий генно-инженерный];480.00;;https://gorzdrav.org/api/v1/multimedia/media/downloadFile/7mM8tZUB4hniyrJCJBcB-1500x1500;https://gorzdrav.org/spb/p/aktrapid-nm-rr-d-in-100me-ml-flak-10ml-12800/;Дания
06e7e9ad-99a6-4439-9b1a-1e4a22feb9a0;Райзодег 100 ЕД/мл раствор для подкожного введения картридж+шприц-ручка Флекспен 5 шт;Да;Ново Нордиск;Инсулин деглудек+Инсулин аспарт;3659.00;;https://gorzdrav.org/api/v1/multimedia/media/downloadFile/TDUEu5UB5yfJBvc3R4ry-209x364;https://gorzdrav.org/spb/p/rajzodeg-100ed-ml-3ml-n5-kartridzh-v-shpricruchke-flekspen-rr-p-k-635961/;Россия
d5c46414-8391-4bbb-85cb-ab1f361f66bf;Набор из двух упаковок Галвус Мет Таблетки 50 мг + 850 мг 30 шт;Да;;;3288.00;4088.00;https://gorzdrav.org/api/v1/multimedia/media/downloadFile/0yt8b5sBOkTyP3bfdK8C-1000x1000;https://gorzdrav.org/spb/p/bundle_galvus-met-tab-p-pl-ob-50mg-850mg-30-32803-2/;
7d9c12a5-f26d-4b95-9679-21726e62937e;Галвус Мет Таблетки 50 мг + 850 мг 30 шт;Да;Новартис Фарма;Вилдаглиптин+Метформин;2044.00;;https://gorzdrav.org/api/v1/multimedia/media/downloadFile/o2ttuJUBybk0vr4zNAos-1500x1500;https://gorzdrav.org/spb/p/galvus-met-tab-p-pl-ob-50mg-850mg-30-32803/;Швейцария
f44d93c9-a519-4472-b853-33796bff7c35;Инкресинк Таблетки 25 мг + 30 мг 28 шт;Да;Такеда Фармасьютикалс;Алоглиптин+Пиоглитазон;1966.00;;https://gorzdrav.org/api/v1/multimedia/media/downloadFile/zg_quZUBVT-7ZLtgCpLL-3000x2000;https://gorzdrav.org/spb/p/inkresink-0-025-0-03-n28-tabl-p-plen-oboloch-337784/;Германия
dd0c2d1b-afe6-411b-94a7-702e7476083b;Онглиза Таблетки покрытые пленочной оболочкой 5 мг 30 шт;Да;AstraZeneca;Саксаглиптин;1943.00;;https://gorzdrav.org/api/v1/multimedia/media/downloadFile/RzAOoZcB2BGN4fsdEk5c-2000x2000;https://gorzdrav.org/spb/p/ongliza-tabl-p-o-5mg-n30-40083/;Великобритания
02ba8727-33e5-457a-8af3-2024c5b87f1b;Тиогамма Таблетки покрытые пленочной оболочкой 600 мг 60 шт;Да;Вёрваг;Тиоктовая кислота;1965.00;;https://gorzdrav.org/api/v1/multimedia/media/downloadFile/ZKdWtZUB4hniyrJCei8W-700x660;https://gorzdrav.org/spb/p/tiogamma-tabl-p-o-600mg-n60-20786/;Германия
4d3c684d-784c-49bb-b3a7-8e7b15b12b66;Соликва Солостар Раствор 100 ед/мл + 50 мкг/мл 3 мл 3 шт;Да;Санофи;Инсулин гларгин+Ликсисенатид;4972.00;;https://gorzdrav.org/api/v1/multimedia/media/downloadFile/sU-NuJUBybk0vr4zvbUO-527x356;https://gorzdrav.org/spb/p/solikva-solostar-100ed-ml-50mkg-ml-3ml3-198702/;Россия
886a3689-4ebe-4b26-a356-63d0ab6bd7ae;Випдомет таблетки 12,5 мг + 1000 мг 56 шт;Да;Штада;Алоглиптин+Метформин;2806.00;;https://gorzdrav.org/api/v1/multimedia/media/downloadFile/AVbit5UB_o6zmeq9O_ke-600x600;https://gorzdrav.org/spb/p/vipdomet-tabl-p-o-12mg-1000mg-n56-194254/;Россия
126af4ef-4ff4-4122-ba96-0a9e204840bf;Сиофор Лонг Таблетки с пролонгированным высвобождением 1000 мг 60 шт;Да;Berlin-Chemie;;563.00;;https://gorzdrav.org/api/v1/multimedia/media/downloadFile/y_dfu5UBAi6hE-ZkEHIh-1438x996;https://gorzdrav.org/spb/p/siofor-long-tab-prolong-1000mg-n60-663839/;Германия
3732b229-01c1-4cdf-884c-d8bd7dad59f6;Кселевия таблетки 100 мг 28 шт;Да;Berlin-Chemie;Ситаглиптин;1298.00;;https://gorzdrav.org/api/v1/multimedia/media/downloadFile/oNjWt5UBybk0vr4zS51l-690x690;https://gorzdrav.org/spb/p/kselevija-tabl-p-o-100mg-n28-194007/;Россия
884fcc97-4f3c-4925-b43b-1cf843963186;Асиглия Мет Таблетки 1000 мг + 50 мг 56 шт;Да;КРКА;Метформин+Ситаглиптин;1155.00;;https://gorzdrav.org/api/v1/multimedia/media/downloadFile/-BIkupUBarzHQIadW9pb-4096x4096;https://gorzdrav.org/spb/p/asiglija-met-1-0-0-05-n56-tabl-p-plen-oboloch-626426/;Словения
82b6a49a-ad72-489a-b108-8bd31bc86b15;Асиглия Таблетки 100 мг 28 шт;Да;КРКА;Ситаглиптин;628.00;;https://gorzdrav.org/api/v1/multimedia/media/downloadFile/S6QmupUBRjkwyzW3ATew-4096x4096;https://gorzdrav.org/spb/p/asiglija-0-1-n28-tabl-p-plen-oboloch-626012/;Словения
1aca8600-eef7-47e3-8de7-59bbd5cee95c;Соликва Солостар Раствор 100 ед/мл + 33 мкг/мл 3 мл 3 шт;Да;Санофи;Инсулин гларгин+Ликсисенатид;3914.00;;https://gorzdrav.org/api/v1/multimedia/media/downloadFile/WpONuJUBybk0vr4zSnMr-1294x879;https://gorzdrav.org/spb/p/solikva-solostar-100ed-ml-33mkg-ml-3ml3-198703/;Россия
15595ce4-71aa-451c-a31d-6368c941bfe5;Инвокана 300 мг Таблетки покрытые пленочной оболочкой 30 шт;Да;Янссен;Канаглифлозин;5406.00;;https://gorzdrav.org/api/v1/multimedia/media/downloadFile/ktTJt5UB_o6zmeq9-WvL-1024x1024;https://gorzdrav.org/spb/p/invokana-tabl-p-p-o-300mg-30-191065/;Россия
6ebf5356-e72e-499c-8dbd-13bde31318d3;Глимепирид-Вертекс Таблетки 4 мг 30 шт;Да;Вертекс;Глимепирид;451.00;;https://gorzdrav.org/api/v1/multimedia/media/downloadFile/MlbctZUBrbRC1cy5eSOi-700x700;https://gorzdrav.org/spb/p/glimepirid-verte-tabl-4mg-n30-40808/;Россия
9cc8c186-9681-4808-b8a8-c8a822285040;Гликлазид МВ-Озон Таблетки с модифицированным высвобождением 60 мг 30 шт;Да;Озон;Гликлазид;225.00;;https://gorzdrav.org/api/v1/multimedia/media/downloadFile/uMYquZUB4hniyrJCNFjy-420x420;https://gorzdrav.org/spb/p/gliklazid-mv-tab-modif-v-60mg-30-207712/;Россия
fd5d1ca0-9b4f-4cd5-8b5d-fd83a160e26d;Глюкофаж Лонг 1 г Таблетки пролонгированного действия 30 шт;Да;Нанолек;Метформин;360.00;;https://gorzdrav.org/api/v1/multimedia/media/downloadFile/0sBzt5UB4hniyrJC3G8y-1500x1500;https://gorzdrav.org/spb/p/gljukofazh-long-tab-prolong-dja-1000mg30-68198/;Россия
adae83bd-a466-48aa-9768-8762be0e74c1;Дибикор Таблетки 500 мг 90 шт;Нет;ПИК-Фарма;Таурин;990.00;;https://gorzdrav.org/api/v1/multimedia/media/downloadFile/VbYfS5sB-jufNU_rS9Jj-1000x1000;https://gorzdrav.org/spb/p/dibikor-0-5-n90-tabl-670269/;Россия
585e24d8-ca33-4192-a243-a59d8f6b1be0;Тиоктацид 600 Т Раствор для внутривенного введения 25 мг/мл 24 мл ампулы 5 шт;Да;Меда Фарма;Тиоктовая кислота;1701.00;;https://gorzdrav.org/api/v1/multimedia/media/downloadFile/TZWLtZUB4hniyrJCZDIS-1000x1000;https://gorzdrav.org/spb/p/tioktacid-konc-d-rra-d-inf-600mg-25ml-amp-24ml-n5-32541/;Германия
4f3f86cb-eb85-4921-b6ab-d42addd55599;Амарил Таблетки 2 мг 30 шт;Да;Санофи;Глимепирид;1229.00;;https://gorzdrav.org/api/v1/multimedia/media/downloadFile/tFWitZUBrbRC1cy5QfWC-1500x1500;https://gorzdrav.org/spb/p/amaril-tabl-2mg-n30-34938/;Италия
26c2e3e2-6770-4c53-9e2b-fec370493c27;Глибомет Таблетки покрытые пленочной оболочкой 2,5 мг + 400 мг 40 шт;Да;Berlin-Chemie;Глибенкламид+Метформин;862.00;;https://gorzdrav.org/api/v1/multimedia/media/downloadFile/KSFdtZUBrbRC1cy5M5-_-1500x1500;https://gorzdrav.org/spb/p/glibomet-tabl-p-o-n40-22818/;Германия
2c01d4f9-b4a7-410c-9304-6c04832e2c29;Вилдаглиптин-Озон Таблетки 50 мг 28 шт;Да;Озон;Вилдаглиптин;684.00;;https://gorzdrav.org/api/v1/multimedia/media/downloadFile/ZcCRupUBu1bHOSl1UFbO-600x600;https://gorzdrav.org/spb/p/vildagliptin-tabl-50mg-n28-643681/;Россия
f6478573-0e25-47ff-a5c3-097038eaff93;Метформин-Реневал Таблетки 850 мг 60 шт;Да;Обновление;Метформин;175.00;;https://gorzdrav.org/api/v1/multimedia/media/downloadFile/azImu5UB5yfJBvc3GtpV-630x420;https://gorzdrav.org/spb/p/metformin-reneval-tabl-p-pl-ob-850mg-n60-651278/;Россия
8284eaeb-9092-449c-898d-0fa426cc15cf;Велметия Таблетки покрытые оболочкой 1000мг + 50мг 56 шт;Да;Берлин-Фарма;Метформин+Ситаглиптин;3456.00;;https://gorzdrav.org/api/v1/multimedia/media/downloadFile/u9vtt5UB4hniyrJCn6BF-5280x2970;https://gorzdrav.org/spb/p/velmetija-tabl-p-o-1000mg-50mg-56-198382/;Россия
e531acce-1251-4429-bcbf-372179843bc0;Вилдаглиптин Гликвитабс Таблетки 50 мг 60 шт;Да;Фармстандарт;Вилдаглиптин;1006.00;;https://gorzdrav.org/api/v1/multimedia/media/downloadFile/TaJZq5YBuDZ3SNYhDZaO-1536x1536;https://gorzdrav.org/spb/p/vildagliptin-glikvitabs-0-05-n60-tabl-665214/;Россия
b8fc4f8a-fcf0-43d9-b328-95c8ca730768;Гликлазид МВ-Озон Таблетки с модифицированным высвобождением 30 мг 60 шт;Да;Озон;Гликлазид;192.00;;https://gorzdrav.org/api/v1/multimedia/media/downloadFile/2kwuupUBRjkwyzW3EEsx-1180x1302;https://gorzdrav.org/spb/p/gliklazid-mv-tab-modifv-30mg-60-588711/;Россия
663f0c72-17fa-4589-99f1-aaba225c2261;Тиоктовая кислота-Вертекс Таблетки покрытые пленочной оболочкой 600 мг 28 шт;Да;Вертекс;Тиоктовая кислота;1006.00;;https://gorzdrav.org/api/v1/multimedia/media/downloadFile/GcvWuZUB7vQMbYfxHZDA-400x250;https://gorzdrav.org/spb/p/tioktovaja-kislotaverteks-tabletki-600-mg-28-sht-263879/;Россия
f361383c-5714-46da-b496-c1901a870826;Семуглин Раствор для подкожного введения шприц-ручка 1мг/доза 3мл + Игла 4 шт;Да;Фармасинтез;Семаглутид;4880.00;;https://gorzdrav.org/api/v1/multimedia/media/downloadFile/bmYOVpgBEl21vw0Wxz08-1000x1000;https://gorzdrav.org/spb/p/semuglin-0-001-doza-3ml-n1-shpricruchka-rr-p-k-igla-n4-665151/;Россия
c73b8fa1-7c5e-40ee-a264-d307c864371d;Агарта Мет Таблетки 50 мг + 1000 мг 60 шт;Да;Гедеон Рихтер;Вилдаглиптин+Метформин;2994.00;;https://gorzdrav.org/api/v1/multimedia/media/downloadFile/f4mMupUBRjkwyzW3bxl6-1380x978;https://gorzdrav.org/spb/p/agarta-met-tabl-p-pl-ob-50mg-1000mg-n60-643205/;Швейцария
a3d2e655-dc95-4619-b1a1-dc4035202d01;Тиоктацид Таблетки покрытые пленочной оболочкой 600 мг 30 шт;Да;Меда Фарма;Тиоктовая кислота;1956.00;;https://gorzdrav.org/api/v1/multimedia/media/downloadFile/hjCutZUBybk0vr4zuLIi-1000x1000;https://gorzdrav.org/spb/p/tioktacid-tabl-p-pl-ob-600mg-n30-36297/;Германия
c83e15c2-d045-4585-9119-42507831dedf;Метформин-Озон Таблетки 850 мг 60 шт;Да;Озон;Метформин;165.00;;https://gorzdrav.org/api/v1/multimedia/media/downloadFile/4BMHuZUB4hniyrJCXd8M-1280x1280;https://gorzdrav.org/spb/p/metforminozon-tab-850mg-60-43832/;Россия
0156854a-254f-4004-9525-2b3e0e53ce1f;Элькар Раствор для инъекций 100 мг/мл 5 мл 10 шт;Да;ПИК-Фарма;Левокарнитин;753.00;;https://gorzdrav.org/api/v1/multimedia/media/downloadFile/SUFKfZgBEl21vw0W9eCu-1000x1000;https://gorzdrav.org/spb/p/elkar-rr-d-in-v-v-v-m-0-1-ml-5ml-n10-62969/;Россия
7311d1ff-e8ed-41f1-8ee7-3b9cb706cc07;Эводин Таблетки покрытые пленочной оболочкой 5 мг 28 шт;Да;Герофарм;Эвоглиптин;1287.00;;https://gorzdrav.org/api/v1/multimedia/media/downloadFile/ypQluZUB4hniyrJCavt9-487x487;https://gorzdrav.org/spb/p/evodin-tabl-p-o-5mg-28-211548/;Россия
ed6b3650-e47e-4a0f-8205-c33dbe2e7b1b;Голда МВ Таблетки 60 мг 30 шт;Да;Фармасинтез;Гликлазид;226.00;;https://gorzdrav.org/api/v1/multimedia/media/downloadFile/QgGMuJUB4hniyrJCfe82-393x700;https://gorzdrav.org/spb/p/golda-mv-tabl-60mg-30-205380/;Россия
81ab1204-ba63-4101-85a2-9e87e4dff16b;Метформин-Озон таблетки 500 мг 60 шт;Да;Озон;Метформин;94.00;;https://gorzdrav.org/api/v1/multimedia/media/downloadFile/eFkrupUBsYtKaeUWEQSK-523x350;https://gorzdrav.org/spb/p/novyj-tovar-548107/;Россия
c6a75c62-3ba7-4bbf-86d5-e14cae4389b5;Минирин Мелт Таблетки-лиофилизат 60 мкг 30 шт;Да;CATALENT UK SWINDON ZYDIS;Десмопрессин;1610.00;;https://gorzdrav.org/api/v1/multimedia/media/downloadFile/vB03tpUB4hniyrJCTDjG-1024x1024;https://gorzdrav.org/spb/p/minirin-tab-rassas-60mkg-30-58715/;Великобритания
468145fe-f220-4532-990b-3ecac2c2df15;Инвокана 100 мг Таблетки покрытые пленочной оболочкой 30 шт;Да;Янссен;Канаглифлозин;3292.00;;https://gorzdrav.org/api/v1/multimedia/media/downloadFile/jMjKt5UB_o6zmeq9ZsJ0-1024x1024;https://gorzdrav.org/spb/p/invokana-tabl-p-p-o-100mg-30-191064/;Россия
272f11bf-7535-49f1-9f71-58984f9bb03e;Эвалар Олиджим Таблетки массой 0,52 г 100 шт;Нет;Эвалар;;1065.00;;https://gorzdrav.org/api/v1/multimedia/media/downloadFile/t0obdpgBEl21vw0WEL2Z-764x612;https://gorzdrav.org/spb/p/olidzhim-tabl-0-52g-n100-36292/;Россия
555edbb5-aa23-4b3c-b244-67dc6cb88ce3;Лусефи Таблетки 5 мг 30 шт;Да;СЕРВЬЕ РУС;Лусеоглифлозин;3520.00;;https://gorzdrav.org/api/v1/multimedia/media/downloadFile/SZACkZYBa7_a2x-rcE3K-2322x2322;https://gorzdrav.org/spb/p/lusefi-5mg-tabl-p-pl-ob-n30-665876/;Россия
dd016330-50a1-49a3-8438-ee6a738e1319;Набор из двух упаковок Галвус Мет Таблетки 50 мг + 500 мг 30 шт;Да;;;3288.00;4088.00;https://gorzdrav.org/api/v1/multimedia/media/downloadFile/1ReOb5sBOkTyP3bfqoJF-1000x1000;https://gorzdrav.org/spb/p/bundle_galvus-met-tabl-p-o-50mg-500mg-n30-32802-2/;
29d699f6-c87e-4d7b-86af-d70ff9a55561;Галвус Мет Таблетки покрытые пленочной оболочкой 50 мг + 500 мг 30 шт;Да;Новартис Фарма;Вилдаглиптин+Метформин;2044.00;;https://gorzdrav.org/api/v1/multimedia/media/downloadFile/3daNtZUB4hniyrJC-ZX3-599x531;https://gorzdrav.org/spb/p/galvus-met-tabl-p-o-50mg-500mg-n30-32802/;Россия
c025d184-61ed-4ea8-b97b-6a6cac78a9cb;Глюкофаж Лонг 750 мг Таблетки пролонгированного действия 30 шт;Да;Нанолек;Метформин;265.00;;https://gorzdrav.org/api/v1/multimedia/media/downloadFile/8wm5tZUB4hniyrJCwkTx-1500x1500;https://gorzdrav.org/spb/p/gljukofazh-long-tabl-p-o-750mg-n30-37497/;Россия
e8a13b8b-051a-484a-9c14-7eb19d3349ff;Октолипен капсулы 300 мг 30 шт;Да;Фармстандарт;Тиоктовая кислота;397.00;;https://gorzdrav.org/api/v1/multimedia/media/downloadFile/Ew7ctZUBybk0vr4z-YWK-1500x1500;https://gorzdrav.org/spb/p/oktolipen-kaps-300mg-n30-40768/;Россия
e4b6cde8-5e46-4aab-b0e9-5f6bfe78c9e6;Мерифатин Таблетки 1000 мг 60 шт;Да;Фармасинтез;Метформин;184.00;;https://gorzdrav.org/api/v1/multimedia/media/downloadFile/W3OMuJUB4hniyrJC2dgA-408x633;https://gorzdrav.org/spb/p/merifatin-tabl-p-o-1000mg-60-205381/;Россия
e0e9e21f-3428-42cf-bfe9-04f2a9e2b829;Сиофор Лонг Таблетки с пролонгированным высвобождением 500 мг 60 шт;Да;Berlin-Chemie;;307.00;;https://gorzdrav.org/api/v1/multimedia/media/downloadFile/CmRfu5UB5yfJBvc3NGFo-1438x996;https://gorzdrav.org/spb/p/siofor-long-tab-prolong-500mg-n60-663840/;Германия
efcbd551-fd74-4d64-a0d7-8c60d22633f7;Семуглин Раствор для подкожного введения шприц-ручка 0,25мг/0,5мл/доза 3мл + Игла 8 шт;Да;Фармасинтез;Семаглутид;4948.00;;https://gorzdrav.org/api/v1/multimedia/media/downloadFile/tcoLVpgBEl21vw0WoAp9-1000x1000;https://gorzdrav.org/spb/p/semuglin-0-25-0-5mg-doza-3ml-n1-shpricruchka-rr-p-k-igla-n4-665368/;Россия
c8ee6d49-5c4a-497f-a01f-17b7b5480b6e;Глимепирид-Вертекс Таблетки 2 мг 30 шт;Да;Вертекс;Глимепирид;310.00;;https://gorzdrav.org/api/v1/multimedia/media/downloadFile/OVbdtZUBrbRC1cy5RRYb-700x700;https://gorzdrav.org/spb/p/glimepirid-verte-tabl-2mg-n30-40806/;Россия
8bda6f82-056c-4428-9682-7aa2584b440a;Октолипен Таблетки 600 мг 60 шт;Да;Фармстандарт;Тиоктовая кислота;1530.00;;https://gorzdrav.org/api/v1/multimedia/media/downloadFile/vpcsu5UBJVujGJtQ4Gz4-1024x633;https://gorzdrav.org/spb/p/oktolipen-0-6-n60-tabl-p-plen-oboloch-649560/;Россия
647f5def-eff9-41c9-a64f-b424df800d7c;Ситадиаб Таблетки 100 мг 28 шт;Да;Гедеон Рихтер;Ситаглиптин;623.00;;https://gorzdrav.org/api/v1/multimedia/media/downloadFile/25xdupUBarzHQIadjzQI-1280x853;https://gorzdrav.org/spb/p/sitadiab-tabl-p-o-100mg-n28-631138/;Россия
9338737e-6795-41a3-a95d-df1ec7874447;Октолипен Концентрат для приготовления раствора для инфузий 30 мг/мл 10 мл ампулы 10 шт;Да;Фармстандарт;Тиоктовая кислота;558.00;;https://gorzdrav.org/api/v1/multimedia/media/downloadFile/g4nftZUB4hniyrJCTJ55-800x800;https://gorzdrav.org/spb/p/oktolipen-konc-d-rra-0-03-ml-amp-10ml-n10-40831/;Россия
17f4883b-4f86-4e69-9e40-481b1bc9a724;Глютаминовая кислота Таблетки 250 мг 10 шт;Нет;Татхимфармпрепараты;Глутаминовая кислота;268.00;;https://gorzdrav.org/api/v1/multimedia/media/downloadFile/xacPtZUBrbRC1cy52jk3-1500x1500;https://gorzdrav.org/spb/p/gljutaminovaja-kislota-tabl-250mg-n10-3674/;Россия
b38a31b6-b903-4b63-8fd4-b7f93dfa7bac;Випидия Таблетки покрытые пленочной оболочкой 12,5 мг 28 шт;Да;Hemofarm;Алоглиптин;1155.00;;https://gorzdrav.org/api/v1/multimedia/media/downloadFile/eZgktpUBybk0vr4zSQhu-1500x1500;https://gorzdrav.org/spb/p/vipidija-tab-p-pl-ob-12-5mg-28-55082/;Россия
7556fde5-1c79-4181-9c31-846b45e33339;Вилдаглиптин Гликвитабс Таблетки 50 мг 30 шт;Да;Фармстандарт;Вилдаглиптин;528.00;;https://gorzdrav.org/api/v1/multimedia/media/downloadFile/XWFZq5YBuDZ3SNYhOaSk-1536x1536;https://gorzdrav.org/spb/p/vildagliptin-glikvitabs-0-05-n30-tabl-665684/;Россия
8d3c2c5f-013d-42a5-b0fe-1ae837d6f45e;Амарил М Таблетки 2 мг + 500 мг 30 шт;Да;Санофи;Глимепирид+Метформин;1318.00;;https://gorzdrav.org/api/v1/multimedia/media/downloadFile/_tCstZUB4hniyrJCP6pj-1500x1500;https://gorzdrav.org/spb/p/amaril-m-tabl-2mg-500mg-n30-35932/;Южная Корея
1537a017-3b14-4f0d-96e4-e16efe9ab7e3;Гликлазид-Вертекс Таблетки с пролонгированным высвобождением 60 мг 30 шт;Да;Вертекс;Гликлазид;265.00;;https://gorzdrav.org/api/v1/multimedia/media/downloadFile/UpQ6uZUBybk0vr4zbmt7-1000x543;https://gorzdrav.org/spb/p/gliklazid-mvverteks-tab-prolong-vys-60mg-n30-300347/;Россия
bce356a6-09de-4acd-9d1a-078d89c97e2d;Глимепирид-Вертекс Таблетки 3 мг 30 шт;Да;Вертекс;Глимепирид;470.00;;https://gorzdrav.org/api/v1/multimedia/media/downloadFile/gDnctZUBrbRC1cy5VA5k-700x700;https://gorzdrav.org/spb/p/glimepirid-verte-tabl-3mg-n30-40807/;Россия
f080891f-106e-46ba-8a66-95e2d00916cb;Глипвило Таблетки 50 мг 56 шт;Да;КРКА;Вилдаглиптин;680.00;;https://gorzdrav.org/api/v1/multimedia/media/downloadFile/NFjjupUBRjkwyzW3Qehb-2079x2079;https://gorzdrav.org/spb/p/glipvilo-tabl-50mg-n56-647094/;Словения
6e7cfce5-aabe-4bd3-b34b-b99ad517b40f;Субетта Таблетки для рассасывания 100 шт;Нет;МАТЕРИА МЕДИКА;Антитела к эндотелиальной NO-синтазе;737.00;;https://gorzdrav.org/api/v1/multimedia/media/downloadFile/spR5uZUB7vQMbYfxrwOB-1200x1200;https://gorzdrav.org/spb/p/subetta-tab-d-rass-100-334219/;Россия
1d6788a1-cdcd-4c69-8a05-cea97047de9f;Глюкофаж Лонг 500 мг Таблетки пролонгированного действия 30 шт;Да;Нанолек;Метформин;187.00;;https://gorzdrav.org/api/v1/multimedia/media/downloadFile/sgyxtZUBrbRC1cy5YqT4-1024x1024;https://gorzdrav.org/spb/p/gljukofazh-long-tabl-p-o-500mg-n30-36686/;Россия
b8f5e65f-efc7-4715-a66d-6366f805c32a;Форсиглекс Таблетки 1000 мг + 50 мг 56 шт;Да;Польфарма;Метформин+Ситаглиптин;1338.00;;https://gorzdrav.org/api/v1/multimedia/media/downloadFile/RTJsupUBarzHQIadUnnX-5200x2925;https://gorzdrav.org/spb/p/forsigleks-tabl-p-o-1000mg-50mg-n56-639693/;Польша
9480f5e5-a69d-4dd7-ab38-9543fba3456d;Глюкованс Таблетки покрытые оболочкой 2,5 мг + 500 мг 60 шт;Да;МЕРК;Глибенкламид+Метформин;908.00;;https://gorzdrav.org/api/v1/multimedia/media/downloadFile/IJFPuZUB7vQMbYfxMzxk-1000x1000;https://gorzdrav.org/spb/p/gljukovans-tab-p-o-500mg-60-300777/;Франция
3a20be23-70f3-483f-9219-3b6390adb97e;Седжаро Раствор для подкожного введения 15 мг/доза шприц-ручка + игла 4 шт;Да;Герофарм;Тирзепатид;15842.70;17603.00;https://gorzdrav.org/api/v1/multimedia/media/downloadFile/UVeECZkBAVH4f51SdMa9-5417x3792;https://gorzdrav.org/spb/p/sedzharo-0-015-doza-shpricruchka-rr-p-k-igla-n4-667678/;Россия
15050fbf-fc82-44c6-8551-8327b9b46ac5;Лусефи Таблетки 2,5 мг 30 шт;Да;СЕРВЬЕ РУС;Лусеоглифлозин;3525.00;;https://gorzdrav.org/api/v1/multimedia/media/downloadFile/xm_EkJYBd_a3PeeGytDD-2387x2387;https://gorzdrav.org/spb/p/lusefi-2-5mg-tabl-p-pl-ob-n30-665537/;Россия
7c16aafa-0d40-4d75-ac27-8b0f3ebe7927;Метформин Лонг-Озон Таблетки с пролонгированным высвобождением 500 мг 60 шт;Да;Озон;Метформин;377.00;;https://gorzdrav.org/api/v1/multimedia/media/downloadFile/1pxDuZUB7vQMbYfxVkNT-1200x981;https://gorzdrav.org/spb/p/metformin-long-tabl-p-v-500mg-60-210454/;Россия
551de12b-d52c-45b5-b3a2-d580bbbe18e0;Сиофор Лонг Таблетки с пролонгированным высвобождением 750 мг 60 шт;Да;Berlin-Chemie;;439.00;;https://gorzdrav.org/api/v1/multimedia/media/downloadFile/kzleu5UB5yfJBvc3Zr-I-1438x996;https://gorzdrav.org/spb/p/siofor-long-tab-prolong-750mg-n60-663841/;Германия
e3dffae5-b887-4f81-bf4e-c9c75e4c5ab5;Агарта Таблетки 50 мг 30 шт;Да;Гедеон Рихтер;Вилдаглиптин;587.00;;https://gorzdrav.org/api/v1/multimedia/media/downloadFile/6BOMupUBRjkwyzW3cMST-1241x979;https://gorzdrav.org/spb/p/agarta-tabl-50mg-n30-643074/;Россия
cd740f23-471b-43b6-8675-488f82c7e9d0;Глюкованс Таблетки 5 мг + 500 мг 60 шт;Да;МЕРК;Глибенкламид+Метформин;1036.00;;https://gorzdrav.org/api/v1/multimedia/media/downloadFile/j6JPuZUBBKIAJbhrY300-800x800;https://gorzdrav.org/spb/p/gljukovans-tabl-p-o-500mg-n60-300778/;Франция
447977e1-cd83-45dc-bc76-3a98096fa7cc;Метформин-Реневал Таблетки 500 мг 60 шт;Да;Обновление;Метформин;131.00;;https://gorzdrav.org/api/v1/multimedia/media/downloadFile/A8knu5UBAi6hE-ZkdBe5-630x420;https://gorzdrav.org/spb/p/metformin-reneval-tabl-p-pl-ob-500mg-n60-651269/;Россия
2cc29ede-53db-44ff-a371-2583d48dc00c;Глипвило Мет Таблетки 50 мг + 1000 мг 60 шт;Да;КРКА;Вилдаглиптин;1645.00;;https://gorzdrav.org/api/v1/multimedia/media/downloadFile/grQlu5UB5yfJBvc36vZ_-600x600;https://gorzdrav.org/spb/p/glipvilo-met-0-05-1-0-n60-tabl-p-plen-oboloch-648805/;Словения
4f0a69bf-6596-4a22-9fd6-cf93b39663dd;Амарил Таблетки 1 мг 30 шт;Да;Санофи;Глимепирид;542.00;;https://gorzdrav.org/api/v1/multimedia/media/downloadFile/FbuDtZUB4hniyrJCMcbx-1500x1500;https://gorzdrav.org/spb/p/amaril-tabl-1mg-n30-31300/;Италия
775a0a40-7a63-4d00-bb15-cfd2171df2a1;Вилдаглиптин-Озон Таблетки 50 мг 56 шт;Да;Озон;Вилдаглиптин;1335.00;;https://gorzdrav.org/api/v1/multimedia/media/downloadFile/VsKQupUBu1bHOSl1aj7d-600x600;https://gorzdrav.org/spb/p/vildagliptin-0-05-n56-tabl-644293/;Россия
3ef88538-9ede-4788-969f-eda6b28f56fb;Форметин Таблетки 1000 мг 60 шт;Да;Фармстандарт;Метформин;209.00;;https://gorzdrav.org/api/v1/multimedia/media/downloadFile/ZJQfJZoBQ0PhHzbL795o-1000x1000;https://gorzdrav.org/spb/p/formetin-tab-1g-60-41004/;Россия
c86a8283-76e8-4768-9a53-5b2f6aa4e316;Тиоктовая кислота-Озон Таблетки 300 мг 30 шт;Да;Озон;Тиоктовая кислота;475.00;;https://gorzdrav.org/api/v1/multimedia/media/downloadFile/Eb4lu5UBJVujGJtQsnHC-509x364;https://gorzdrav.org/spb/p/tioktovaja-kislota-tabl-p-p-o-300mg-30-590358/;Россия
567e41e1-1ab7-4748-be17-a93ad7bb3c0f;Инкресинк Таблетки 25 мг + 15 мг 28 шт;Да;Такеда Фармасьютикалс;Алоглиптин+Пиоглитазон;1357.00;;https://gorzdrav.org/api/v1/multimedia/media/downloadFile/fIPpuZUBVT-7ZLtgMZh8-3000x2000;https://gorzdrav.org/spb/p/inkresink-0-025-0-015-n28-tabl-p-plen-oboloch-337783/;Германия
baf4633d-dc2b-41e1-9465-08b15b9e8580;Глюренорм Таблетки 30 мг 60 шт;Да;Берингер;Гликвидон;743.00;;https://gorzdrav.org/api/v1/multimedia/media/downloadFile/b30PtZUBrbRC1cy5jxhc-1500x1500;https://gorzdrav.org/spb/p/gljurenorm-tabl-30mg-n60-3673/;Греция
ad60ce9d-b13f-4f5e-bbb2-6cb858ec28bb;Велметия Таблетки покрытые оболочкой 850 мг + 50 мг 56 шт;Да;Берлин-Фарма;Метформин+Ситаглиптин;3181.00;;https://gorzdrav.org/api/v1/multimedia/media/downloadFile/Pwzut5UB4hniyrJCJM-q-5280x2970;https://gorzdrav.org/spb/p/velmetija-tabl-p-o-850mg-50mg-56-198381/;Россия
ff98d00e-c144-4968-bca9-c448d9afaf6d;Синджарди Таблетки покрытые пленочной оболочкой 1000 мг + 5 мг 60 шт;Да;Берингер;Метформин+Эмпаглифлозин;5518.00;;https://gorzdrav.org/api/v1/multimedia/media/downloadFile/HRBXupUBu1bHOSl1qgVv-800x800;https://gorzdrav.org/spb/p/sindzhardi-1-0-0-005-n60-tabl-p-plen-oboloch-600025/;Греция
27009edf-aed3-4cc8-86fa-369b9fe8f727;Амарил таблетки 4 мг 30 шт;Да;Санофи;Глимепирид;2106.00;;https://gorzdrav.org/api/v1/multimedia/media/downloadFile/j_actZUBybk0vr4zcfb9-1500x1500;https://gorzdrav.org/spb/p/amaril-tabl-4mg-n30-34491/;Италия
16d4acf7-eb00-4795-96fb-e2a7e92dbef9;Метформин-Реневал Таблетки 1000 мг 60 шт;Да;Обновление;Метформин;224.00;;https://gorzdrav.org/api/v1/multimedia/media/downloadFile/uYgmu5UBJVujGJtQ5Or7-630x420;https://gorzdrav.org/spb/p/metformin-reneval-tabl-p-pl-ob-1000mg-n60-651459/;Россия
3af1ebd5-2b3a-4572-8cb7-1b8dd6cf9dbe;Октолипен Капсулы 300 мг 60 шт;Да;Фармстандарт;Тиоктовая кислота;799.00;;https://gorzdrav.org/api/v1/multimedia/media/downloadFile/ooUsu5UB5yfJBvc3mM6m-299x364;https://gorzdrav.org/spb/p/oktolipen-0-3-n60-kaps-647423/;Россия
009d6d75-1646-4f20-9c00-b09e470f1529;Ситаглиптин Таблетки 100 мг 28;Да;Рафарма;Ситаглиптин;770.00;;https://gorzdrav.org/api/v1/multimedia/media/downloadFile/MyQRH5gBH0J-GJRPgWwQ-979x743;https://gorzdrav.org/spb/p/sitagliptin-0-1-n28-tabl-p-plen-oboloch-665536/;Россия
1782639c-029e-4534-a465-a5b5dff05d5b;Глюкоза Порошок для приготовления раствора для приема внутрь;Да;ЛЕКАРЬ;Декстроза;446.00;;https://gorzdrav.org/api/v1/multimedia/media/downloadFile/X-5dupUBu1bHOSl1owkq-789x1200;https://gorzdrav.org/spb/p/gljukoza-dlja-gljukozotolerantnogo-testa-75-0-604034/;Россия
fe022104-a63c-4ebd-b528-318de303370c;Набор из двух упаковок Семавик Раствор 1,34 мг/мл картридж 3 мл в шприц-ручке 1 шт + иглы 4 шт;Да;;;9622.00;10622.00;https://gorzdrav.org/api/v1/multimedia/media/downloadFile/9P6c4pkBjIJXAzWhvxKc-1000x1000;https://gorzdrav.org/spb/p/bundle_semavik-rr-p-k-vved-1-34mg-ml-kartridzh-3ml-v-shpricruchke-n1-s-iglami-4sht-642212-2/;
eedb1e61-affa-4a8a-a07e-588a1fa11e58;Голда МВ Таблетки 30 мг 60 шт;Да;Фармасинтез;Гликлазид;215.00;;https://gorzdrav.org/api/v1/multimedia/media/downloadFile/in6MuJUBybk0vr4zjhvh-700x700;https://gorzdrav.org/spb/p/golda-mv-tabl-30mg-60-205379/;Россия
d05c4941-ec1b-43a5-8851-627df5817c17;Набор из трех упаковок Семавик Раствор для подкожного введения 1,34 мг/мл шприц-ручка 3 мл 1 шт + иглы 4 шт;Да;;;13933.00;15933.00;https://gorzdrav.org/api/v1/multimedia/media/downloadFile/NRMWLpwBOkTyP3bfGdsx-1000x1000;https://gorzdrav.org/spb/p/bundle_semavik-rr-p-k-vved-1-34mg-ml-kartridzh-3ml-v-shpricruchke-n1-s-iglami-4sht-642212-3/;
859a68cd-aa6e-41db-b93e-36637c1336ed;Глюкованс Таблетки 5 мг + 500 мг 30 шт;Да;МЕРК;Глибенкламид+Метформин;521.00;;https://gorzdrav.org/api/v1/multimedia/media/downloadFile/eIBTtZUB4hniyrJCcZIj-1500x1500;https://gorzdrav.org/spb/p/gljukovans-tabl-p-o-500mg-5mg-n30-19467/;Франция
1c00c9a9-93ef-482e-afe2-a92b75badcce;Агарта Мет Таблетки 50 мг + 850 мг 60 шт;Да;Гедеон Рихтер;Вилдаглиптин+Метформин;2869.00;;https://gorzdrav.org/api/v1/multimedia/media/downloadFile/TMOMupUBu1bHOSl1jrnb-1222x867;https://gorzdrav.org/spb/p/agarta-met-tabl-p-pl-ob-50mg-850mg-n60-643136/;Швейцария
0fdc04d2-5ad2-42b5-be50-48cb6593135e;Семавик Раствор для подкожного введения 1,34 мг/мл шприц-ручка 3 мл 1 шт + иглы 4 шт;Да;Герофарм;Семаглутид;5311.00;;https://gorzdrav.org/api/v1/multimedia/media/downloadFile/0DV1oZoBoUQ5hSsJAUV0-1000x1000;https://gorzdrav.org/spb/p/semavik-rr-p-k-vved-1-34mg-ml-kartridzh-3ml-v-shpricruchke-n1-s-iglami-4sht-642212/;Россия
ccc71159-ef17-4efb-bc08-32487a24a905;Випдомет таблетки 12,5 мг + 500 мг 56 шт;Да;Штада;Алоглиптин+Метформин;2602.00;;https://gorzdrav.org/api/v1/multimedia/media/downloadFile/Fd3it5UBybk0vr4zfJ-K-1000x1000;https://gorzdrav.org/spb/p/vipdomet-tabl-p-o-12mg-500mg-n56-194253/;Россия
bc813b62-0568-4095-922e-8b263f04eacb;КардиоАктив Таурин Таблетки 500 мг 120 шт;Нет;Эвалар;Таурин;1131.00;;https://gorzdrav.org/api/v1/multimedia/media/downloadFile/4DYyupUBRjkwyzW35dov-1000x678;https://gorzdrav.org/spb/p/kardioaktiv-taurin-0-5-n120-tabl-619543/;Россия
189ef334-c3a7-4bc8-bda1-72a24614e936;Тиоктацид БВ Таблетки 600 мг 100 шт;Да;Меда Фарма;Тиоктовая кислота;3390.00;;https://gorzdrav.org/api/v1/multimedia/media/downloadFile/8420tZUBrbRC1cy5udxP-1000x1000;https://gorzdrav.org/spb/p/tioktacid-tabl-p-pl-ob-600mg-n100-36922/;Германия
80cd44bf-3c6f-4177-9ee2-aca6d754cd30;Амарил Таблетки 3 мг 30 шт;Да;Санофи;Глимепирид;1597.00;;https://gorzdrav.org/api/v1/multimedia/media/downloadFile/967O_JYBq8r59MNXdYfa-974x754;https://gorzdrav.org/spb/p/amaril-tabl-3mg-n30-31494/;Италия
60385003-bd6d-45ee-8125-933a4496e782;Форметин Лонг Таблетки с пролонгированным высвобождением 1000 мг 60 шт;Да;Фармстандарт;Метформин;578.00;;https://gorzdrav.org/api/v1/multimedia/media/downloadFile/E6gvJZoBy6WW8PWFw30h-1000x1000;https://gorzdrav.org/spb/p/formetin-long-1-0-n60-tabl-prolong-vysvob-p-plen-oboloch-596173/;Россия
fddeac4e-a0a4-4984-a8d3-1377bed7e2ef;Форсиглекс Таблетки 850 мг + 50 мг 56 шт;Да;Польфарма;Метформин+Ситаглиптин;1312.00;;https://gorzdrav.org/api/v1/multimedia/media/downloadFile/xZJsupUBu1bHOSl1BPDw-5200x2925;https://gorzdrav.org/spb/p/forsigleks-tabl-p-o-850mg-50mg-n56-639333/;Польша
0ebfb98c-03f2-4b19-8279-74c55dd2e5f4;Глидиаб Таблетки 80 мг 60 шт;Да;Акрихин;Гликлазид;150.00;;https://gorzdrav.org/api/v1/multimedia/media/downloadFile/TsP9tZUBybk0vr4zvQYP-1500x1500;https://gorzdrav.org/spb/p/glidiab-tabl-80mg-n60-43724/;Россия
c92a6d90-ba5a-4607-bbdc-1426783bc353;Тресиба Раствор для подкожного введения 100 ЕД/мл картридж в Шприц-ручке флекспен 3 мл картридж + Шприц-ручка 5 шт;Да;Ново Нордиск;Инсулин деглудек;4656.00;;https://gorzdrav.org/api/v1/multimedia/media/downloadFile/QUMCupUBarzHQIad1LOl-366x620;https://gorzdrav.org/spb/p/tresiba-100ed-ml-3ml-n5-kartridzh-v-shpricruchke-flekspen-rr-p-k-341895/;Россия
3d3f0b33-c396-4acf-b3d3-c7d29f8ec1ba;Вилдаглиптин-Вертекс Таблетки 50 мг 56 шт;Да;Вертекс;Вилдаглиптин;1064.00;;https://gorzdrav.org/api/v1/multimedia/media/downloadFile/5jwtu5UB5yfJBvc3Y-Tr-706x364;https://gorzdrav.org/spb/p/vildagliptinverteks-0-05-n56-tabl-655196/;Россия
ca5d6c4a-5395-45c2-b06e-72828863938a;Десмопрессин Таблетки 0,2 мг 30 шт;Да;Озон;;1581.00;;https://gorzdrav.org/api/v1/multimedia/media/downloadFile/8ESqupUBRjkwyzW3s7bn-497x439;https://gorzdrav.org/spb/p/desmopressin-tabl-0-2mg-30-590252/;Россия
49f05cf2-7107-47fd-afe6-53f0627e8e56;Комбоглиз Пролонг Таблетки с модифицированным высвобождением покрытые пленочной оболочкой 1000 мг + 2,5 мг 56 шт;Да;AstraZeneca;Метформин+Саксаглиптин;3712.00;;https://gorzdrav.org/api/v1/multimedia/media/downloadFile/gOP4tZUBybk0vr4zSiF5-1500x1500;https://gorzdrav.org/spb/p/kombogliz-prolong-tabl-p-pl-ob-1000mg-2-5mg-n56-43348/;Соединенные Штаты Америки
bcec8778-5391-4fc2-abe2-0fa5368eb9f4;Solgar Модуляторы глюкозы Таблетки 60 шт;Нет;Solgar;;2821.00;;https://gorzdrav.org/api/v1/multimedia/media/downloadFile/5UHOtpUB4hniyrJCwE5V-1024x1024;https://gorzdrav.org/spb/p/solgar-kompleks-moduljatora-gljukozy-tabl-n60-49330/;Соединенные Штаты Америки
524f50bb-ffc7-4b89-a8f9-4b1cfd8f4e66;Мерифатин Таблетки 850 мг 60 шт;Да;Фармасинтез;Метформин;161.00;;https://gorzdrav.org/api/v1/multimedia/media/downloadFile/5wyMuJUB4hniyrJCU4Y--725x718;https://gorzdrav.org/spb/p/merifatin-tabl-p-o-850mg-60-205382/;Россия
523bd9c8-5025-4e8f-9c38-ada661189674;Минирин Таблетки 0,1 мг 30 шт;Да;Фармстандарт;Десмопрессин;892.00;;https://gorzdrav.org/api/v1/multimedia/media/downloadFile/0fyptZUBrbRC1cy5ktKz-1500x1500;https://gorzdrav.org/spb/p/minirin-tabl-0-1mg-n30-35642/;Россия
6c9fd84d-e955-4965-8c99-4a7ad9153b1e;Метформин Лонг-Озон Таблетки с пролонгированным высвобождением 750 мг 60 шт;Да;Озон;Метформин;493.00;;https://gorzdrav.org/api/v1/multimedia/media/downloadFile/JnZDuZUBVT-7ZLtgIOBf-500x500;https://gorzdrav.org/spb/p/metformin-long-tabl-p-v-750mg-60-210456/;Россия
ddf4166a-3441-46dc-9f14-ca843beb0e00;Мерифатин МВ Таблетки с пролонгированным высвобождением 1000 мг 60 шт;Да;Фармасинтез;Метформин;607.00;;https://gorzdrav.org/api/v1/multimedia/media/downloadFile/O6eONJYBbTelyQYwW7mN-1000x1000;https://gorzdrav.org/spb/p/merifatin-mv-tab-prolong-1000mg-60-660472/;Россия
3ca7fa3c-857b-44cb-b724-b1b24d9edc4e;Форметин Таблетки 850 мг 60 шт;Да;Фармстандарт;Метформин;170.00;;https://gorzdrav.org/api/v1/multimedia/media/downloadFile/CgAgJZoBmzc5Xblz5vIj-1000x1000;https://gorzdrav.org/spb/p/formetin-tb-850mg-n60-41006/;Россия
454e8900-5df8-4079-884e-407227898fb4;Мерифатин МВ Таблетки 500 мг 60 шт;Да;Фармасинтез;Метформин;340.00;;https://gorzdrav.org/api/v1/multimedia/media/downloadFile/Xq1yuZUB7vQMbYfxJ21f-342x430;https://gorzdrav.org/spb/p/merifatin-mv-tab-prolong-500mg-60-333876/;Россия
9a99e817-5c44-45ad-9ca5-3ceda684c2a9;Глимепирид таблетки 4 мг 90 шт;Да;Фармпроект;Глимепирид;1304.00;;https://gorzdrav.org/api/v1/multimedia/media/downloadFile/2MtBBZwB-jufNU_rGUKq-1000x707;https://gorzdrav.org/spb/p/glimepirid-tabl-4mg-n90-634384/;Россия
1c09c8de-60b0-4dab-9c88-4487dfd38c72;Глюкованс Таблетки покрытые оболочкой 2,5 мг + 500 мг 30 шт;Да;МЕРК;Глибенкламид+Метформин;494.00;;https://gorzdrav.org/api/v1/multimedia/media/downloadFile/NVxTtZUBybk0vr4zkgjr-1500x1500;https://gorzdrav.org/spb/p/gljukovans-tabl-p-o-500mg-2-5mg-n30-19466/;Франция
b9c664e0-14bb-4a58-a486-dcc41ffb8737;Новомикс 30 ФлексПен Суспензия для подкожного введения 100 ед/мл шприц-ручка 3 мл 5 шт;Да;Ново Нордиск;Инсулин аспарт двухфазный;2113.00;;https://gorzdrav.org/api/v1/multimedia/media/downloadFile/10OztZUBybk0vr4zqM-H-1500x1500;https://gorzdrav.org/spb/p/novomiks-30-flekspen-susp-d-in-100ed-ml-shpricruchka-3ml-n5-36880/;Россия
117f563f-52d8-4061-9a75-94334ee6a3dd;Сиглетик-Акрихин Таблетки 100 мг 28 шт;Да;Акрихин;Ситаглиптин;937.00;;https://gorzdrav.org/api/v1/multimedia/media/downloadFile/fbDtupUBarzHQIadfJ5s-679x386;https://gorzdrav.org/spb/p/sigletikakrikhin-tabl-p-o-100mg-n28-650734/;Россия
9b8513d9-67b8-4c5c-80ed-dcf7e2269ec2;Ситагликс МЕТ Таблетки 1000 мг + 50 мг 60 шт;Да;ИЗВАРИНО ФАРМА;;1058.00;;https://gorzdrav.org/api/v1/multimedia/media/downloadFile/H-xsu5UBAi6hE-Zk4-af-4044x2662;https://gorzdrav.org/spb/p/sitagliks-met-1-0-0-05-n60-tabl-p-plen-oboloch-660799/;Россия
a063fbc8-88a3-4dc1-ba3c-08a05af13317;Глибенкламид Таблетки 3,5 мг 120 шт;Да;Озон;Глибенкламид;159.00;;https://gorzdrav.org/api/v1/multimedia/media/downloadFile/WlmHyJkBu6LHc-yH24sf-700x588;https://gorzdrav.org/spb/p/glibenklamid-tab-3-5mg-120-588677/;Россия
105fad7c-d58c-40fd-bcd5-22c9be8b5f80;Метформин-СЗ Таблетки с пролонгированным высвобождением 1000 мг 60 шт;Да;Северная Звезда;Метформин;457.00;;https://gorzdrav.org/api/v1/multimedia/media/downloadFile/wYOhupUBRjkwyzW3P6vU-600x600;https://gorzdrav.org/spb/p/metforminsz-1-0-n60-tabl-prolong-vysvob-625453/;Россия
0fde9c25-1925-4643-84d0-751ba668d3c1;Глимепирид-Озон Таблетки 2 мг 30 шт;Да;Озон;Глимепирид;381.00;;https://gorzdrav.org/api/v1/multimedia/media/downloadFile/2nCwuZUB7vQMbYfxKrzF-1024x674;https://gorzdrav.org/spb/p/glimepirid-tab-2mg-30-331205/;Россия
df4ebfe7-0a75-40f8-8431-da2ff6c89f03;Мерифатин таблетки 500 мг 60 шт;Да;Фармасинтез;Метформин;100.00;;https://gorzdrav.org/api/v1/multimedia/media/downloadFile/owuMuJUBybk0vr4zi9IZ-311x628;https://gorzdrav.org/spb/p/merifatin-tabl-p-o-500mg-60-205383/;Россия
c651da55-5a12-4069-864f-87be9ffcdf37;Глидиаб МВ Таблетки 30 мг 60 шт;Да;Акрихин;Гликлазид;268.00;;https://gorzdrav.org/api/v1/multimedia/media/downloadFile/eFhstZUBrbRC1cy5iKmE-1500x1500;https://gorzdrav.org/spb/p/glidiab-mv-tabl-30mg-n60-26115/;Россия
9f9eae25-270c-4209-9e89-d9487ecdbc28;Форметин таблетки 500мг 60 шт;Да;Фармстандарт;Метформин;118.00;;https://gorzdrav.org/api/v1/multimedia/media/downloadFile/Ts4dJZoBQ0PhHzbLf2ah-1000x1000;https://gorzdrav.org/spb/p/formetin-tab-500mg-60-30402/;Россия
4127cc05-9a8d-49d1-bd06-2c1a1d206dcd;Трулисити раствор для подкожного введения 1,5 мг/0,5 мл шприц-ручка 4 шт;Да;Lilly France;Дулаглутид;6510.60;7234.00;https://gorzdrav.org/api/v1/multimedia/media/downloadFile/f9XQt5UB4hniyrJCR0xw-584x584;https://gorzdrav.org/spb/p/trulisiti-rr-d-pk-v1-5mg-0-5ml-shpruch4-187549/;Соединенные Штаты Америки
559adcac-40bb-4135-80b2-c87d48c1d75c;Глимепирид-Озон Таблетки 3 мг 30 шт;Да;Озон;Глимепирид;564.00;;https://gorzdrav.org/api/v1/multimedia/media/downloadFile/MM2wuZUB7vQMbYfxJnH9-700x614;https://gorzdrav.org/spb/p/glimepirid-tab-3mg-30-331206/;Россия
d561e4b1-d301-4738-b318-3b1d0dff1190;Метформин Рафарма Таблетки покрытые пленочной оболочкой 1000 мг 60 шт;Да;Рафарма;Метформин;221.00;;https://gorzdrav.org/api/v1/multimedia/media/downloadFile/SuOOuJUB4hniyrJCvfhj-500x409;https://gorzdrav.org/spb/p/metformin-tabl-p-pl-ob-1000mg-60-205274/;Россия
cdda59d8-5374-404c-aae1-bad5d7650ca1;Метформин Таблетки покрытые пленочной оболочкой 500 мг 60 шт;Да;Рафарма;Метформин;132.00;;https://gorzdrav.org/api/v1/multimedia/media/downloadFile/0YqQuJUBybk0vr4zRF0r-1024x758;https://gorzdrav.org/spb/p/metformin-tabl-p-pl-ob-500mg-60-205275/;Россия
ac3772bb-1865-4242-b46d-1f5e548b9fc2;Глибенкламид Таблетки 5 мг 120 шт;Да;Озон;Глибенкламид;127.00;;https://gorzdrav.org/api/v1/multimedia/media/downloadFile/-I-HyJkBBFTqaCxSPJ0t-1217x1025;https://gorzdrav.org/spb/p/glibenklamid-tab-5mg-120-588678/;Россия
fde8687f-23aa-4aff-afd5-bb8f400da2e3;Глибенкламид+Метформин-Озон Таблетки 5 мг+500 мг 60 шт;Да;Озон;Глибенкламид+Метформин;627.00;;https://gorzdrav.org/api/v1/multimedia/media/downloadFile/TCclu5UBJVujGJtQXA22-1024x1024;https://gorzdrav.org/spb/p/glibenklamid-metformin-0-005-0-5-n60-tabl-p-plen-oboloch-blister-618484/;Россия
dd6365e8-529e-442f-ad21-80dccdc9a8bd;Амарил Таблетки 4 мг 90 шт;Да;Санофи;Глимепирид;5630.00;;https://gorzdrav.org/api/v1/multimedia/media/downloadFile/L7bWtZUBrbRC1cy5oHE8-1500x1500;https://gorzdrav.org/spb/p/amaril-tabl-4mg-n90-40377/;Италия
4790e7f0-9e37-40b6-9b98-6469462454d4;Минирин Таблетки 0,2 мг 30 шт;Да;Ферринг;Десмопрессин;1783.00;;https://gorzdrav.org/api/v1/multimedia/media/downloadFile/Msv9tZUBybk0vr4zVLXl-1500x1500;https://gorzdrav.org/spb/p/minirin-tabl-0-2mg-n30-43765/;Швейцария
7065c155-6de4-48ef-8514-30bc367e62e8;Фиасп ФлексПен Раствор для подкожного и внутривенного введения 100 ЕД/мл 3 мл шприц-ручка 5 шт;Да;Ново Нордиск;Инсулин аспарт;2067.00;;https://gorzdrav.org/api/v1/multimedia/media/downloadFile/weAcuZUBybk0vr4zii8n-321x600;https://gorzdrav.org/spb/p/fiasp-rr-d-in-100ed-ml-3ml-shprruchka5-210995/;Дания
a2e72834-d7e7-47ed-9f63-0915e4eb64f7;Метформин Таблетки покрытые пленочной оболочкой 850 мг 60 шт;Да;Рафарма;Метформин;182.00;;https://gorzdrav.org/api/v1/multimedia/media/downloadFile/Bc6OuJUBybk0vr4zZAkb-889x748;https://gorzdrav.org/spb/p/metformin-tabl-p-pl-ob-850mg-60-205276/;Россия
6bf22589-5e3f-420a-b26b-9a9b9f10779a;Итилокт БВ Таблетки покрытые пленочной оболочкой 600 мг 30 шт;Да;Гротекс;Тиоктовая кислота;1189.00;;https://gorzdrav.org/api/v1/multimedia/media/downloadFile/pDt9u5UBRnED4k9iPROn-1000x776;https://gorzdrav.org/spb/p/itilokt-bv-0-6-n30-tabl-p-plen-oboloch-flak-659534/;Россия
dd4322f0-26c7-4c94-aaf4-7657af270d94;Минирин Мелт таблетки-лиофилизат 120 мкг 30 шт;Да;Ферринг;Десмопрессин;3135.00;;https://gorzdrav.org/api/v1/multimedia/media/downloadFile/5x8ktpUBrbRC1cy5r4P6-1500x1500;https://gorzdrav.org/spb/p/minirin-tabl-d-rassas-120mkg-n30-55163/;Швейцария
15a1c650-39a3-4781-9e21-53f0ed9f4f50;Дибикор Таблетки 250 мг 60 шт;Нет;ПИК-Фарма;Таурин;480.00;;https://gorzdrav.org/api/v1/multimedia/media/downloadFile/hspHfZgBEl21vw0W4LhI-1000x1000;https://gorzdrav.org/spb/p/dibikor-tabl-250mg-n60-33451/;Россия
7ca2e232-965f-4ca2-8dc2-f7f333fde7d1;Глибенкламид+Метформин-Озон Таблетки 2,5 мг + 400 мг 40 шт;Да;Озон;Глибенкламид+Метформин;362.00;;https://gorzdrav.org/api/v1/multimedia/media/downloadFile/YjmMNJYBbTelyQYwuUGM-600x600;https://gorzdrav.org/spb/p/glibenklamid-metformin-0-0025-0-4-n40-tabl-p-plen-oboloch-626299/;Россия
2fe47a0d-12de-48c6-b3d6-b66d474c077f;Глипвило Таблетки 50 мг 28 шт;Да;КРКА;Вилдаглиптин;457.00;;https://gorzdrav.org/api/v1/multimedia/media/downloadFile/PlDiupUBRjkwyzW3f1Tj-2079x2079;https://gorzdrav.org/spb/p/glipvilo-tabl-50mg-n28-647321/;Словения
9258d4d4-f2a8-469d-a391-dbb682048f3b;Мерифатин МВ Таблетки 750 мг 60 шт;Да;Фармасинтез;Метформин;457.00;;https://gorzdrav.org/api/v1/multimedia/media/downloadFile/vmJyuZUBVT-7ZLtgLYNX-800x800;https://gorzdrav.org/spb/p/merifatin-mv-tab-prolong-750mg-60-333877/;Россия
d82db6e8-8acf-44f8-8b4b-0aabe0c89e51;Сатерекс Таблетки 30 мг 28 шт;Да;Фармасинтез;Гозоглиптин;1121.00;;https://gorzdrav.org/api/v1/multimedia/media/downloadFile/3q-buJUB4hniyrJColuh-942x1580;https://gorzdrav.org/spb/p/satereks-tabl-p-o-30mg-28-205762/;Россия
7a38b7ab-d487-4153-9e2a-0e8c89cd8741;Глимепирид-Озон Таблетки 4 мг 30 шт;Да;Озон;Глимепирид;568.00;;https://gorzdrav.org/api/v1/multimedia/media/downloadFile/inGvuZUBVT-7ZLtg-HLd-800x800;https://gorzdrav.org/spb/p/glimepirid-tab-4mg-30-331207/;Россия
1985bc57-ef0b-411f-b2c0-1e9fab0a019a;Глимепирид-Озон Таблетки 1 мг 30 шт;Да;Озон;Глимепирид;274.00;;https://gorzdrav.org/api/v1/multimedia/media/downloadFile/XnRDuZUB7vQMbYfxM2c6-805x500;https://gorzdrav.org/spb/p/glimepirid-tab-1mg-30-207713/;Россия
f65732bb-9fa2-4db2-a0df-9539bf69c91a;Диабефарм МВ Таблетки 30 мг 60 шт;Да;Фармакор Продакшн;Гликлазид;236.00;;https://gorzdrav.org/api/v1/multimedia/media/downloadFile/ATN3t5UBybk0vr4zkoGe-4608x3456;https://gorzdrav.org/spb/p/diabefarm-mv-tab-s-modif-vysvob-30mg-60-36943/;Россия
42dae2d7-1909-4ce5-89a5-109f82b528c3;Росинсулин С Суспензия  для подкожного введения 100 МЕ/мл катридж 3 мл 5 шт;Да;МЕДСИНТЕЗ ЗАВОД;Инсулин-изофан [человеческий генно-инженерный];969.00;;https://gorzdrav.org/api/v1/multimedia/media/downloadFile/TcOauZUBVT-7ZLtgr4qP-547x547;https://gorzdrav.org/spb/p/rosinsulin-s-susp-d-p-k-100me-ml-kartridzh-3ml-5-335985/;Россия
3b9d5de7-26b9-4a00-a03d-725631f2864e;Липотиоксон концентрат 25 мг/мл 12 мл 5 шт;Да;Сотекс;Тиоктовая кислота;554.00;;https://gorzdrav.org/api/v1/multimedia/media/downloadFile/9Ck8tpUBybk0vr4zdxec-1500x1500;https://gorzdrav.org/spb/p/lipotiokson-konc-d-inf-25mg-ml-12ml-5-59779/;Россия
63c82c31-46ca-441f-a28d-276bd4b74e83;Глимепирид Таблетки 3 мг 30 шт;Да;Пранафарм;Глимепирид;403.00;;https://gorzdrav.org/api/v1/multimedia/media/downloadFile/btMpTZwBOkTyP3bf6vt--1000x745;https://gorzdrav.org/spb/p/glimepirid-tabl-3mg-n30-668049/;Россия
e6f40cc2-9e92-440f-accb-408476ea0762;Глимепирид Таблетки 4 мг 90 шт;Да;Пранафарм;Глимепирид;792.00;;https://gorzdrav.org/api/v1/multimedia/media/downloadFile/NBAsTZwBOkTyP3bfFBrb-1000x760;https://gorzdrav.org/spb/p/glimepirid-tabl-4mg-n90-667496/;Россия
ec22a4f2-adbf-48f4-b26d-7bf135da8852;Метформин Санофи Таблетки 500 мг 60 шт;Да;Санофи;Метформин;101.00;;https://gorzdrav.org/api/v1/multimedia/media/downloadFile/H-CxupUBRjkwyzW3jp6a-1000x531;https://gorzdrav.org/spb/p/metformin-tabl-500mg-n60-483991/;Россия
dc2834a1-9b17-451f-9259-422d5b7cb772;Глибенкламид+Метформин-Озон Таблетки 2,5 мг + 500 мг 60 шт;Да;Озон;Глибенкламид+Метформин;476.00;;https://gorzdrav.org/api/v1/multimedia/media/downloadFile/ekUtu5UBAi6hE-ZklS22-600x600;https://gorzdrav.org/spb/p/glibenklamid-metformin-0-0025-0-5-n60-tabl-p-plen-oboloch-645158/;Россия
72b5876f-ae5a-4082-ab24-7a98efe284de;Биосулин Н Суспензия для подкожного введения 100 ЕД/мл картридж + шприц-ручка 3 мл 5 шт;Да;Фармстандарт;Инсулин-изофан [человеческий генно-инженерный];1436.00;;https://gorzdrav.org/api/v1/multimedia/media/downloadFile/dQyoupUBarzHQIadBRou-600x600;https://gorzdrav.org/spb/p/biosulin-n-100ed-ml-3ml-n5-kartridzh-shpricruchka-biomatikpen-2-susp-p-k-602189/;Россия
b22f2c70-defd-4c24-9be1-9c56a40dac2e;Глимекомб таблетки 40 мг + 500 мг 60 шт;Да;Акрихин;Гликлазид+Метформин;737.00;;https://gorzdrav.org/api/v1/multimedia/media/downloadFile/FEiruZUBVT-7ZLtgxp5I-1500x1500;https://gorzdrav.org/spb/p/glimekomb-tab-40-mg-500-mg-60-44195/;Россия
5fbd2363-ed2a-433e-a347-445f17fd1193;Биосулин Н Суспензия для подкожного введения 100 МЕ/мл 3 мл 5 шт;Да;Фармстандарт;Инсулин-изофан [человеческий генно-инженерный];1091.00;;https://gorzdrav.org/api/v1/multimedia/media/downloadFile/AX0jtpUB4hniyrJCpY6e-1500x1500;https://gorzdrav.org/spb/p/biosulin-n-susp-p-k-100ed-ml-3ml-fl-5-55078/;Россия
b7a15b37-0b16-4753-b466-23185d7e521b;Росинсулин Гларгин Раствор для подкожного введения 100 МЕ/мл 3 мл 5 шт;Да;МЕДСИНТЕЗ ЗАВОД;Инсулин двухфазный [человеческий генно-инженерный];2979.00;;https://gorzdrav.org/api/v1/multimedia/media/downloadFile/zQmxupUBarzHQIadOi7w-1000x666;https://gorzdrav.org/spb/p/rosinsulin-glargin-100me-ml-3ml-n5-kartridzh-v-shpricruchke-rosinsulin-komfortpen-rr-p-k-641595/;Россия
18d6e99b-3c83-4ccf-8218-da22c6f20abd;Липоевая кислота Таблетки 30 мг 60 шт;Нет;Квадрат-С;;278.00;;https://gorzdrav.org/api/v1/multimedia/media/downloadFile/0eIuupUBsYtKaeUW3wjZ-489x451;https://gorzdrav.org/spb/p/lipoevaya-kislota-tab-30mg-n60-kvadrat-s-609769/;Россия
8b09ed1a-6b69-4f62-8668-975d28385b3a;Глимепирид Фармстандарт Таблетки 4 мг 30 шт;Да;Фармстандарт;Глимепирид;303.00;;https://gorzdrav.org/api/v1/multimedia/media/downloadFile/N6KtuZUB7vQMbYfxtiNU-1000x1000;https://gorzdrav.org/spb/p/glimepirid-0-004-n30-tabl-336623/;Россия
c400451e-3c00-40ab-9a3e-cc2258527b9b;Вилдус Таблетки 50 мг 56 шт;Да;Белупо;Вилдаглиптин;885.00;;https://gorzdrav.org/api/v1/multimedia/media/downloadFile/yuqQupUBu1bHOSl19nX2-3107x2496;https://gorzdrav.org/spb/p/vildus-tab-50mg-56-644695/;Хорватия
37b08a6e-6052-43cf-b7f5-b190773a1da4;Вилдаглиптин-Вертекс Таблетки 50 мг 28 шт;Да;Вертекс;Вилдаглиптин;589.00;;https://gorzdrav.org/api/v1/multimedia/media/downloadFile/lDUtu5UBAi6hE-ZkjayK-721x364;https://gorzdrav.org/spb/p/vildagliptinverteks-0-05-n28-tabl-656335/;Россия
4bc50808-0cf9-429b-9414-18e7a048f119;Ситамет Медисорб Таблетки 1000 мг + 50 мг 60 шт;Да;Медисорб;Метформин+Ситаглиптин;1455.00;;https://gorzdrav.org/api/v1/multimedia/media/downloadFile/O9BnfJkBUcRdFyL1Y8bz-477x364;https://gorzdrav.org/spb/p/sitamet-medisorb-1-0-0-05-n60-tabl-p-plen-oboloch-blister-666037/;Россия
6e306b8b-7c17-4a93-9ef5-1edbfad53ee6;Випдомет 850 мг Таблетки покрытые пленочной оболочкой 12,5 мг + 850 мг 56 шт;Да;Штада;Алоглиптин+Метформин;3180.00;;https://gorzdrav.org/api/v1/multimedia/media/downloadFile/Owg_uZUB4hniyrJCXMu4-1400x866;https://gorzdrav.org/spb/p/vipdomet-tabl-p-pl-o-12-5mg-850mg-n56-300579/;Россия
48f5530f-e1ee-4dc5-a725-819097a9f0f2;Амарил таблетки 2 мг 90 шт;Да;Санофи;Глимепирид;2867.00;;https://gorzdrav.org/api/v1/multimedia/media/downloadFile/ALDMtZUB4hniyrJC7AE_-1500x1500;https://gorzdrav.org/spb/p/amaril-tabl-2mg-n90-39594/;Италия
a45232c9-63d9-46ba-8d8e-548e31e6367d;Биосулин Н Суспензия для подкожного введения 100 МЕ/мл 10 мл 1 шт;Да;Фармстандарт;Инсулин-изофан [человеческий генно-инженерный];597.00;;https://gorzdrav.org/api/v1/multimedia/media/downloadFile/s-_gtZUB4hniyrJCPHjw-377x690;https://gorzdrav.org/spb/p/biosulin-n-susp-p-k-100ed-ml-10ml-fl-1-40996/;Россия
b427de57-4c6f-4fdd-99c5-3e5fd76c8aad;Энлигрия Раствор для подкожного введения 6 мг/мл 3 мл шприц-ручка 1 шт;Да;МЕДСИНТЕЗ ЗАВОД;Лираглутид;7833.00;;https://gorzdrav.org/api/v1/multimedia/media/downloadFile/QAZBbpsBOkTyP3bfbO7p-940x937;https://gorzdrav.org/spb/p/enligrija-0-006-ml-3ml-n1-shpricruchka-rr-p-k-665712/;Россия
80dd3e85-139d-49a3-8d64-214262fd4796;Ринсулин НПХ Суспензия для подкожного введения картридж 100 ме/мл 3 мл 5 шт;Да;Герофарм;Инсулин-изофан [человеческий генно-инженерный];1029.00;;https://gorzdrav.org/api/v1/multimedia/media/downloadFile/SUDgt5UBybk0vr4zoFgm-550x550;https://gorzdrav.org/spb/p/rinsulin-npkh-susp-d-p-k-vv-100-me-ml-kartridzh-3ml-n5-194235/;Россия
768ac94a-aab9-480e-86ac-6fa851e0ee27;Диабефарм МВ Таблетки 60 мг 30 шт;Да;Фармакор Продакшн;Гликлазид;228.00;;https://gorzdrav.org/api/v1/multimedia/media/downloadFile/EET7oZYBC9g2bECqTW8j-4608x3456;https://gorzdrav.org/spb/p/diabefarm-mv-tabl-60mg-30-208425/;Россия
a0f901d5-f3d8-43ff-9d0a-f71cee5c219a;Вилдаглиптин Таблетки 50 мг 56 шт;Да;Hemofarm;Вилдаглиптин;1321.00;;https://gorzdrav.org/api/v1/multimedia/media/downloadFile/_f0vTZwBO1hvZDjOLu5a-1000x1000;https://gorzdrav.org/spb/p/vildagliptin-0-05-n56-tabl-669612/;Россия
f2aece0a-a5ec-4e5f-b304-363f9a6e4f35;Вилдаглиптин Таблетки 50 мг 28 шт;Да;Hemofarm;Вилдаглиптин;679.00;;https://gorzdrav.org/api/v1/multimedia/media/downloadFile/wjQrTZwBbjLDJSEj3aBC-1000x1000;https://gorzdrav.org/spb/p/vildagliptin-0-05-n28-tabl-669584/;Россия
dd5aee43-d9ba-4d8a-b71d-6cdc8a604aca;Глимепирид Таблетки 2 мг 30 шт;Да;Пранафарм;Глимепирид;317.00;;https://gorzdrav.org/api/v1/multimedia/media/downloadFile/_eQrTZwBO1hvZDjODh68-1000x1000;https://gorzdrav.org/spb/p/glimepirid-0-002-n30-tabl-667556/;Россия
1efee0a6-e81b-4355-a282-387f05861751;Сиглетик Таблетки покрытые пленочной оболочкой 100 мг 28 шт;Да;Акрихин;Ситаглиптин;913.00;;https://gorzdrav.org/api/v1/multimedia/media/downloadFile/d3xQupUBRjkwyzW3-WpE-1000x562;https://gorzdrav.org/spb/p/sigletik-0-1-n28-tabl-p-plen-oboloch-636735/;Палестина
5b6b2991-03ec-4b58-9858-dc2c9320e5bd;Глимепирид Таблетки 4 мг 30 шт;Да;Пранафарм;Глимепирид;403.00;;https://gorzdrav.org/api/v1/multimedia/media/downloadFile/zLIsTZwBbjLDJSEjSBDi-1000x675;https://gorzdrav.org/spb/p/glimepirid-tabl-4mg-n30-667566/;Россия
d2c1cee2-6a5c-4f5c-ba84-81b370869db1;Вилдарил Таблетки 50 мг 56 шт;Да;Велфарм;Вилдаглиптин;947.00;;;https://gorzdrav.org/spb/p/vildaril-tab-50mg-56-666793/;Россия
ad9353eb-f1aa-42eb-8ec1-b7a5f221641c;Квинсента Раствор для подкожного введения 1,34 мг/мл 0,25/0,5 мг/доза картридж в шприц-ручке 1,5 мл 1 шт + иглы 6 шт;Да;Промомед;Семаглутид;5009.00;;https://gorzdrav.org/api/v1/multimedia/media/downloadFile/x0yOupUBRjkwyzW3BD35-1588x995;https://gorzdrav.org/spb/p/kvinsentarrp-kvved-0-25-0-5mg-doza-1-5mlshpricruchka-1-vkomplektesiglami6sht-644479/;Россия
876ff113-54e9-4c37-a021-56152373f273;Липотиоксон Концентрат для приготовления раствора для инфузий 25 мг/мл 24 мл 5 шт;Да;Сотекс;Тиоктовая кислота;906.00;;https://gorzdrav.org/api/v1/multimedia/media/downloadFile/vcktu5UB5yfJBvc3i6os-600x600;https://gorzdrav.org/spb/p/lipotiokson-konc-d-prig-rra-d-inf-25mg-ml-amp-24ml-5-589429/;Россия
e3d75962-4166-4f1b-bbee-2451a4e8a7ba;Пурегон Пэн ручка-инжектор для введения лекарственных средств 1 шт;Да;МСД ФАРМАСЬЮТИКАЛС;;1539.00;;https://gorzdrav.org/api/v1/multimedia/media/downloadFile/p4ZgtZUB4hniyrJCGFPs-690x690;https://gorzdrav.org/spb/p/puregon-ruchka-n1-up-23207/;Соединенные Штаты Америки
419296df-0cb1-4688-9f8b-8e328636f4ff;Вилдус Таблетки 50 мг 28 шт;Да;Белупо;Вилдаглиптин;450.00;;https://gorzdrav.org/api/v1/multimedia/media/downloadFile/XdqRupUBu1bHOSl1ymdF-3001x2496;https://gorzdrav.org/spb/p/vildus-tab-50mg-28-645209/;Хорватия
25e9ccce-2288-43ea-aa9f-ad28460be898;Глибенкламид Таблетки 1,75 мг 120 шт;Да;Озон;Глибенкламид;130.00;;https://gorzdrav.org/api/v1/multimedia/media/downloadFile/lDSHyJkBBFTqaCxS8riB-500x278;https://gorzdrav.org/spb/p/glibenklamid-tab-1-75mg-120-588676/;Россия
312efee2-e33b-42cb-b5ce-65ac1599c1c4;Глимепирид Таблетки 2 мг 90 шт;Да;Пранафарм;Глимепирид;526.00;;https://gorzdrav.org/api/v1/multimedia/media/downloadFile/Tw4rTZwBOkTyP3bfyIQr-1000x1000;https://gorzdrav.org/spb/p/glimepirid-0-002-n90-tabl-blister-667518/;Россия
8416225b-f037-43fd-a229-8e5f798395e2;Ситадиаб МЕТ Таблетки 1000 мг + 50 мг 56 шт;Да;Гедеон Рихтер;Метформин+Ситаглиптин;1488.00;;https://gorzdrav.org/api/v1/multimedia/media/downloadFile/egwtTZwBO1hvZDjO5fmc-1000x693;https://gorzdrav.org/spb/p/sitadiab-met-1-0-0-05-n56-tabl-p-plen-oboloch-669112/;Венгрия
